Workbook

Sheet Dashboard
A1: AI Inventory Dashboard - NIST AI RMF View
A2: Generated from the AI Inventory. Includes AI RMF Profile coverage and distribution (P1-P20). Update the AI Inventory (Assigned Profile); all figures recalculate automatically.
A5: Total AI Systems | D5: Approved Systems | G5: Pending / Missing Evidence
A6: =COUNTA('AI Inventory'!$A$5:$A$11) -> 7 | D6: =COUNTIF('AI Inventory'!$R$5:$R$11,"Approved") -> 3 | G6: =COUNTIF('AI Inventory'!$R$5:$R$11,"Pending / Needs Documentation") -> 2
A8: High Risk Systems | D8: Critical Risk Systems | G8: Systems Processing PII
A9: =COUNTIF('AI Inventory'!$H$5:$H$11,"High") -> 4 | D9: =COUNTIF('AI Inventory'!$H$5:$H$11,"Critical") -> 0 | G9: =COUNTIF('AI Inventory'!$N$5:$N$11,"Yes") -> 2
A11: Confidential Data Systems | D11: Sensitive Data Systems | G11: Systems Processing IP
A12: =COUNTIF('AI Inventory'!$L$5:$L$11,"Confidential") -> 3 | D12: =COUNTIF('AI Inventory'!$L$5:$L$11,"Sensitive") -> 0 | G12: =COUNTIF('AI Inventory'!$M$5:$M$11,"Yes") -> 2
A14: Profiles Assigned | D14: Missing Profile | G14: Distinct Profiles In Use
A15: =COUNTIFS('AI Inventory'!$A$5:$A$11,"?*",'AI Inventory'!$T$5:$T$11,"P*") -> 7 | D15: =COUNTIFS('AI Inventory'!$A$5:$A$11,"?*",'AI Inventory'!$T$5:$T$11,"") -> 0 | G15: =SUMPRODUCT(--(COUNTIF('AI Inventory'!$T$5:$T$11,Profiles!$A$4:$A$23)>0)) -> 5
A17: Overall Critical/High Systems
A18: =COUNTIFS('Risk Assessment'!$A$4:$A$10,"?*",'Risk Assessment'!$F$4:$F$10,"High")+COUNTIFS('Risk Assessment'!$A$4:$A$10,"?*",'Risk Assessment'!$F$4:$F$10,"Critical") -> 5
A21: Systems by Assigned Profile
A22: Profile | B22: Name | C22: Count | E22: Profile | F22: Name | G22: Count
A23: P1 | B23: =INDEX(Profiles!$B$4:$B$23,MATCH(A23,Profiles!$A$4:$A$23,0)) -> Enterprise Productivity Assistant | C23: =COUNTIF('AI Inventory'!$T$5:$T$11,A23) -> 1 | E23: P11 | F23: =INDEX(Profiles!$B$4:$B$23,MATCH(E23,Profiles!$A$4:$A$23,0)) -> Finance and Reporting Support | G23: =COUNTIF('AI Inventory'!$T$5:$T$11,E23) -> 0
A24: P2 | B24: =INDEX(Profiles!$B$4:$B$23,MATCH(A24,Profiles!$A$4:$A$23,0)) -> Evaluation and Proof of Concept | C24: =COUNTIF('AI Inventory'!$T$5:$T$11,A24) -> 2 | E24: P12 | F24: =INDEX(Profiles!$B$4:$B$23,MATCH(E24,Profiles!$A$4:$A$23,0)) -> Security Operations Assistant | G24: =COUNTIF('AI Inventory'!$T$5:$T$11,E24) -> 0
A25: P3 | B25: =INDEX(Profiles!$B$4:$B$23,MATCH(A25,Profiles!$A$4:$A$23,0)) -> Domain and Technical Assistant | C25: =COUNTIF('AI Inventory'!$T$5:$T$11,A25) -> 1 | E25: P13 | F25: =INDEX(Profiles!$B$4:$B$23,MATCH(E25,Profiles!$A$4:$A$23,0)) -> Data Analytics and Business Intelligence | G25: =COUNTIF('AI Inventory'!$T$5:$T$11,E25) -> 0
A26: P4 | B26: =INDEX(Profiles!$B$4:$B$23,MATCH(A26,Profiles!$A$4:$A$23,0)) -> Developer and Code Assistant | C26: =COUNTIF('AI Inventory'!$T$5:$T$11,A26) -> 0 | E26: P14 | F26: =INDEX(Profiles!$B$4:$B$23,MATCH(E26,Profiles!$A$4:$A$23,0)) -> Marketing and Communications Content | G26: =COUNTIF('AI Inventory'!$T$5:$T$11,E26) -> 0
A27: P5 | B27: =INDEX(Profiles!$B$4:$B$23,MATCH(A27,Profiles!$A$4:$A$23,0)) -> Agentic Automation | C27: =COUNTIF('AI Inventory'!$T$5:$T$11,A27) -> 1 | E27: P15 | F27: =INDEX(Profiles!$B$4:$B$23,MATCH(E27,Profiles!$A$4:$A$23,0)) -> Procurement and Vendor Analysis | G27: =COUNTIF('AI Inventory'!$T$5:$T$11,E27) -> 0
A28: P6 | B28: =INDEX(Profiles!$B$4:$B$23,MATCH(A28,Profiles!$A$4:$A$23,0)) -> Customer or Supplier Facing | C28: =COUNTIF('AI Inventory'!$T$5:$T$11,A28) -> 0 | E28: P16 | F28: =INDEX(Profiles!$B$4:$B$23,MATCH(E28,Profiles!$A$4:$A$23,0)) -> Meeting Transcription and Summarization | G28: =COUNTIF('AI Inventory'!$T$5:$T$11,E28) -> 0
A29: P7 | B29: =INDEX(Profiles!$B$4:$B$23,MATCH(A29,Profiles!$A$4:$A$23,0)) -> People and HR Decision Support | C29: =COUNTIF('AI Inventory'!$T$5:$T$11,A29) -> 0 | E29: P17 | F29: =INDEX(Profiles!$B$4:$B$23,MATCH(E29,Profiles!$A$4:$A$23,0)) -> Training and Knowledge Assistant | G29: =COUNTIF('AI Inventory'!$T$5:$T$11,E29) -> 0
A30: P8 | B30: =INDEX(Profiles!$B$4:$B$23,MATCH(A30,Profiles!$A$4:$A$23,0)) -> Operational Technology and Laboratory | C30: =COUNTIF('AI Inventory'!$T$5:$T$11,A30) -> 0 | E30: P18 | F30: =INDEX(Profiles!$B$4:$B$23,MATCH(E30,Profiles!$A$4:$A$23,0)) -> Embedded AI Feature in Existing SaaS | G30: =COUNTIF('AI Inventory'!$T$5:$T$11,E30) -> 0
A31: P9 | B31: =INDEX(Profiles!$B$4:$B$23,MATCH(A31,Profiles!$A$4:$A$23,0)) -> Research and Formulation Support | C31: =COUNTIF('AI Inventory'!$T$5:$T$11,A31) -> 0 | E31: P19 | F31: =INDEX(Profiles!$B$4:$B$23,MATCH(E31,Profiles!$A$4:$A$23,0)) -> Synthetic Media Generation (Video & Audio) | G31: =COUNTIF('AI Inventory'!$T$5:$T$11,E31) -> 2
A32: P10 | B32: =INDEX(Profiles!$B$4:$B$23,MATCH(A32,Profiles!$A$4:$A$23,0)) -> Legal and Contract Analysis | C32: =COUNTIF('AI Inventory'!$T$5:$T$11,A32) -> 0 | E32: P20 | F32: =INDEX(Profiles!$B$4:$B$23,MATCH(E32,Profiles!$A$4:$A$23,0)) -> Identity Cloning & Impersonation (Voice or Likeness) | G32: =COUNTIF('AI Inventory'!$T$5:$T$11,E32) -> 0
A34: Executive Action Items
A35: Action | B35: Owner | C35: Priority | D35: Status
A36: Complete owner and approval evidence for Synthesia, Leverage AI, and Pictory.AI | B36: AI Governance / IT Security | C36: High | D36: Open
A37: Confirm Leverage AI agentic controls (least privilege, approval gate, vendor review) | B37: IT Security / Procurement | C37: High | D37: Open
A38: Verify licensing, AI-use disclosure, and no real-person cloning for Synthesia and Pictory.AI | B38: Communications / IT Security | C38: Medium | D38: Open
A39: Validate assigned AI RMF Profiles for all AI systems | B39: AI Governance / IT Security | C39: Medium | D39: Open
A40: Complete vendor security maturity review for U2C.AI before any production use of Inside Hazard Navigator | B40: IT Security / OT Security | C40: High | D40: Open
A41: Review tools where Overall Risk Rating is driven by Legal or Privacy rather than the base Risk Tier | B41: IT Security / Legal / Privacy | C41: Medium | D41: Open
A44: Risk Tier | B44: Count
A45: Low | B45: =COUNTIF('AI Inventory'!$H$5:$H$11,A45) -> 0
A46: Moderate | B46: =COUNTIF('AI Inventory'!$H$5:$H$11,A46) -> 3
A47: High | B47: =COUNTIF('AI Inventory'!$H$5:$H$11,A47) -> 4
A48: Critical | B48: =COUNTIF('AI Inventory'!$H$5:$H$11,A48) -> 0
A49: Overall Risk Rating = MAX(Validated Risk Tier, Vendor Risk Rating, Privacy Risk Rating, Legal Risk Rating). See Risk Assessment for the driving category per tool.
A50: Overall Risk Rating | B50: Count
A51: Low | B51: =COUNTIF('Risk Assessment'!$F$4:$F$10,A51) -> 0
A52: Moderate | B52: =COUNTIF('Risk Assessment'!$F$4:$F$10,A52) -> 2
A53: High | B53: =COUNTIF('Risk Assessment'!$F$4:$F$10,A53) -> 2
A54: Critical | B54: =COUNTIF('Risk Assessment'!$F$4:$F$10,A54) -> 3
A55: Tools may span multiple capabilities; counts sum to more than the number of tools.
A56: AI Capability | B56: Count
A57: Generative AI | B57: =COUNTIF('AI Inventory'!$F$5:$F$11,"*"&A57&"*") -> 4
A58: Agentic AI | B58: =COUNTIF('AI Inventory'!$F$5:$F$11,"*"&A58&"*") -> 1
A59: Embedded AI | B59: =COUNTIF('AI Inventory'!$F$5:$F$11,"*"&A59&"*") -> 1
A60: AI APIs and Integrations | B60: =COUNTIF('AI Inventory'!$F$5:$F$11,"*"&A60&"*") -> 1
A61: Internal AI Deployments | B61: =COUNTIF('AI Inventory'!$F$5:$F$11,"*"&A61&"*") -> 0
A64: Data Classification | B64: Count
A65: Public | B65: =COUNTIF('AI Inventory'!$L$5:$L$11,A65) -> 0
A66: Internal | B66: =COUNTIF('AI Inventory'!$L$5:$L$11,A66) -> 4
A67: Confidential | B67: =COUNTIF('AI Inventory'!$L$5:$L$11,A67) -> 3
A68: Sensitive | B68: =COUNTIF('AI Inventory'!$L$5:$L$11,A68) -> 0
A71: Approval Status | B71: Count
A72: Approved | B72: =COUNTIF('AI Inventory'!$R$5:$R$11,A72) -> 3
A73: Pending / Needs Documentation | B73: =COUNTIF('AI Inventory'!$R$5:$R$11,A73) -> 2
A74: Under Review | B74: =COUNTIF('AI Inventory'!$R$5:$R$11,A74) -> 0
A75: Approved with Conditions | B75: =COUNTIF('AI Inventory'!$R$5:$R$11,A75) -> 1
A76: Rejected | B76: =COUNTIF('AI Inventory'!$R$5:$R$11,A76) -> 1
A78: Risk Categories | B78: Count
A79: Data leakage and disclosure | B79: =COUNTIF('Risk & Harm Assessment'!C5:C11,"Yes") -> 7
A80: Prompt injection and adversarial input | B80: =COUNTIF('Risk & Harm Assessment'!D5:D11,"Yes") -> 5
A81: Hallucination and incorrect output | B81: =COUNTIF('Risk & Harm Assessment'!E5:E11,"Yes") -> 7
A82: Unauthorized data retention | B82: =COUNTIF('Risk & Harm Assessment'!F5:F11,"Yes") -> 7
A83: Model drift and degradation | B83: =COUNTIF('Risk & Harm Assessment'!G5:G11,"Yes") -> 5
A84: Data poisoning | B84: =COUNTIF('Risk & Harm Assessment'!H5:H11,"Yes") -> 1
A85: Model theft or extraction | B85: =COUNTIF('Risk & Harm Assessment'!I5:I11,"Yes") -> 0
A86: Overreliance and automation bias | B86: =COUNTIF('Risk & Harm Assessment'!J5:J11,"Yes") -> 7
A87: Bias and harmful output | B87: =COUNTIF('Risk & Harm Assessment'!K5:K11,"Yes") -> 4
A88: Third-party and value chain risk | B88: =COUNTIF('Risk & Harm Assessment'!L5:L11,"Yes") -> 7
A89: Information security risk | B89: =COUNTIF('Risk & Harm Assessment'!M5:M11,"Yes") -> 7
A90: Privacy risk | B90: =COUNTIF('Risk & Harm Assessment'!N5:N11,"Yes") -> 3
A91: Regulatory and legal risk | B91: =COUNTIF('Risk & Harm Assessment'!O5:O11,"Yes") -> 5
A93: Harm Types | B93: Count
A94: ndividual harm | B94: =COUNTIF('Risk & Harm Assessment'!P5:P11,"Yes") -> 4
A95: Organizational harm | B95: =COUNTIF('Risk & Harm Assessment'!Q5:Q11,"Yes") -> 7
A96: Safety harm | B96: =COUNTIF('Risk & Harm Assessment'!R5:R11,"Yes") -> 1
A97: Regulatory harm | B97: =COUNTIF('Risk & Harm Assessment'!S5:S11,"Yes") -> 5
A98: Confidentiality harm | B98: =COUNTIF('Risk & Harm Assessment'!T5:T11,"Yes") -> 7
A99: Information integrity harm | B99: =COUNTIF('Risk & Harm Assessment'!U5:U11,"Yes") -> 7

Sheet AI Inventory
A1: AI Inventory - NIST AI RMF Aligned
A2: Source: user-provided inventory. Structure aligned to NIST AI RMF (Govern, Map, Measure, Manage). Assigned Profile is chosen using the Profile Selection sheet; Profile Selection Rule, Human Oversight, Profile Approval Authority, and Profile Review Frequency are looked up automatically from the Profiles sheet once a profile is assigned.
A3: Auto Updates - Do not edit this section
A4: AI ID | B4: Provider | C4: AI System Name | D4: Purpose | E4: Scope | F4: AI Capability | G4: Data Processed | H4: Risk Tier | I4: Profile Default Risk Tier | J4: Tier vs Profile Check | K4: Original Approved Data Classification | L4: Data Classification | M4: Intellectual Property Processed | N4: PII Processed | O4: Requested By | P4: Reviewed By | Q4: Approved Date | R4: Approval Status | S4: NIST AI RMF Function Coverage | T4: Assigned Profile | U4: Profile Selection Rule | V4: Human Oversight | W4: Profile Approval Authority | X4: Profile Review Frequency | Y4: Notes | Z4: Overall Risk Rating (reference)
A5: AI-001 | B5: Microsoft | C5: Copilot | D5: Productivity assistance and enterprise AI capability | E5: All employees | F5: Generative AI | G5: Organization Confidential | H5: =IF(OR(L5="Sensitive",N5="Yes"),"High",IF(OR(L5="Confidential",M5="Yes"),"High",IF(L5="Internal","Moderate","Low"))) -> High | I5: =IF(T5="","",INDEX(Profiles!$E$4:$E$23,MATCH(T5,Profiles!$A$4:$A$23,0))) -> High | J5: =IF(OR(H5="",T5=""),"",IF(ISNUMBER(SEARCH(H5,I5)),"Matches profile",IF(OR(H5="High",H5="Critical"),"Above profile (OK)","Review vs profile default"))) -> Matches profile | K5: Confidential | L5: Confidential | M5: Yes | N5: Yes | R5: Approved | S5: Govern | Map | Measure | Manage | T5: P1 | U5: =IFERROR(INDEX(Profiles!$K$4:$K$23,MATCH(T5,Profiles!$A$4:$A$23,0)),"") -> Rule 10 | V5: =IF(T5="","",INDEX(Profiles!$F$4:$F$23,MATCH(T5,Profiles!$A$4:$A$23,0))) -> Human-In-The-Loop for business decisions and external communication | W5: =IF(T5="","",INDEX(Profiles!$G$4:$G$23,MATCH(T5,Profiles!$A$4:$A$23,0))) -> ITGC | X5: =IF(T5="","",INDEX(Profiles!$J$4:$J$23,MATCH(T5,Profiles!$A$4:$A$23,0))) -> Semiannual | Y5: Capability is Embedded AI (activated inside Microsoft 365); profile remains P1 Enterprise Productivity Assistant. Confidential data, IP, and PII may be processed. | Z5: =IFERROR(INDEX('Risk Assessment'!$F$4:$F$10,MATCH(A5,'Risk Assessment'!$A$4:$A$10,0)),"") -> High
A6: AI-002 | B6: Anthropic | C6: Claude AI | D6: AI evaluation | E6: Limited PoC group | F6: Generative AI | G6: Custom made software code, uploaded documents, and data provided by user | H6: =IF(OR(L6="Sensitive",N6="Yes"),"High",IF(OR(L6="Confidential",M6="Yes"),"High",IF(L6="Internal","Moderate","Low"))) -> Moderate | I6: =IF(T6="","",INDEX(Profiles!$E$4:$E$23,MATCH(T6,Profiles!$A$4:$A$23,0))) -> Moderate | J6: =IF(OR(H6="",T6=""),"",IF(ISNUMBER(SEARCH(H6,I6)),"Matches profile",IF(OR(H6="High",H6="Critical"),"Above profile (OK)","Review vs profile default"))) -> Matches profile | K6: Internal Use | L6: Internal | M6: No | N6: No | R6: Approved with Conditions | S6: Govern | Map | Measure | Manage | T6: P2 | U6: =IFERROR(INDEX(Profiles!$K$4:$K$23,MATCH(T6,Profiles!$A$4:$A$23,0)),"") -> Rule 9 | V6: =IF(T6="","",INDEX(Profiles!$F$4:$F$23,MATCH(T6,Profiles!$A$4:$A$23,0))) -> Human-In-The-Loop | W6: =IF(T6="","",INDEX(Profiles!$G$4:$G$23,MATCH(T6,Profiles!$A$4:$A$23,0))) -> IT Security and Business Owner | X6: =IF(T6="","",INDEX(Profiles!$J$4:$J$23,MATCH(T6,Profiles!$A$4:$A$23,0))) -> At conclusion, or annually | Y6: Time-boxed PoC; Internal data only, no production dependency. | Z6: =IFERROR(INDEX('Risk Assessment'!$F$4:$F$10,MATCH(A6,'Risk Assessment'!$A$4:$A$10,0)),"") -> High
A7: AI-003 | B7: SomeGPT.ai | C7: JMP Learnbot | D7: AI used with UI interface bot | E7: Limited group with access to specific data | F7: Embedded AI | G7: Data and questions provided by the user specific to the navigation of the UI Pro tool | H7: =IF(OR(L7="Sensitive",N7="Yes"),"High",IF(OR(L7="Confidential",M7="Yes"),"High",IF(L7="Internal","Moderate","Low"))) -> Moderate | I7: =IF(T7="","",INDEX(Profiles!$E$4:$E$23,MATCH(T7,Profiles!$A$4:$A$23,0))) -> Moderate | J7: =IF(OR(H7="",T7=""),"",IF(ISNUMBER(SEARCH(H7,I7)),"Matches profile",IF(OR(H7="High",H7="Critical"),"Above profile (OK)","Review vs profile default"))) -> Matches profile | K7: Internal Use Only | L7: Internal | M7: No | N7: No | O7: [Contact-1]@organization.local | P7: IT Security and ITGC | Q7: 2026-06-04 00:00:00 | R7: Approved | S7: Govern | Map | Measure | Manage | T7: P3 | U7: =IFERROR(INDEX(Profiles!$K$4:$K$23,MATCH(T7,Profiles!$A$4:$A$23,0)),"") -> Rule 11 | V7: =IF(T7="","",INDEX(Profiles!$F$4:$F$23,MATCH(T7,Profiles!$A$4:$A$23,0))) -> Human-In-The-Loop | W7: =IF(T7="","",INDEX(Profiles!$G$4:$G$23,MATCH(T7,Profiles!$A$4:$A$23,0))) -> IT Security and Business Owner | X7: =IF(T7="","",INDEX(Profiles!$J$4:$J$23,MATCH(T7,Profiles!$A$4:$A$23,0))) -> Annual | Y7: Narrow group; JMP Pro navigation questions; Internal data only. | Z7: =IFERROR(INDEX('Risk Assessment'!$F$4:$F$10,MATCH(A7,'Risk Assessment'!$A$4:$A$10,0)),"") -> Moderate
A8: AI-004 | B8: Synthesia | C8: Synthesia | D8: All-in-one AI video platform to enhance training and communications; videos can be translated in 160+ languages | E8: HR, Operations; others may also use for his videos | F8: Generative AI | G8: Scripts and source material provided by the user; synthetic stock avatars and voices; generated video | H8: =IF(OR(L8="Sensitive",N8="Yes"),"High",IF(OR(L8="Confidential",M8="Yes"),"High",IF(L8="Internal","Moderate","Low"))) -> Moderate | I8: =IF(T8="","",INDEX(Profiles!$E$4:$E$23,MATCH(T8,Profiles!$A$4:$A$23,0))) -> High | J8: =IF(OR(H8="",T8=""),"",IF(ISNUMBER(SEARCH(H8,I8)),"Matches profile",IF(OR(H8="High",H8="Critical"),"Above profile (OK)","Review vs profile default"))) -> Review vs profile default | K8: Internal | L8: Internal | M8: No | N8: No | O8: [Contact-2]@organization.local | P8: IT Security | R8: Pending / Needs Documentation | S8: Govern | Map | Measure | Manage | T8: P19 | U8: =IFERROR(INDEX(Profiles!$K$4:$K$23,MATCH(T8,Profiles!$A$4:$A$23,0)),"") -> Rule 7 | V8: =IF(T8="","",INDEX(Profiles!$F$4:$F$23,MATCH(T8,Profiles!$A$4:$A$23,0))) -> Human-In-The-Loop with brand and legal review before publication | W8: =IF(T8="","",INDEX(Profiles!$G$4:$G$23,MATCH(T8,Profiles!$A$4:$A$23,0))) -> ITGC with Legal review (external-facing); IT Security and Business Owner (internal only) | X8: =IF(T8="","",INDEX(Profiles!$J$4:$J$23,MATCH(T8,Profiles!$A$4:$A$23,0))) -> Semiannual; Quarterly if external-facing | Y8: Human-driven GenAI video (synthetic/stock avatars) -> P19. Escalates to P20 only if a real organization person’s voice or likeness is cloned. | Z8: =IFERROR(INDEX('Risk Assessment'!$F$4:$F$10,MATCH(A8,'Risk Assessment'!$A$4:$A$10,0)),"") -> Moderate
A9: AI-005 | B9: Levy AI | C9: Levy AI | D9: Online platform for PO submission, confirmation, and updates; | E9: Customer Service and Commercial | F9: Agentic AI | G9: Purchase order data exchanged with customers and suppliers | H9: =IF(OR(L9="Sensitive",N9="Yes"),"High",IF(OR(L9="Confidential",M9="Yes"),"High",IF(L9="Internal","Moderate","Low"))) -> High | I9: =IF(T9="","",INDEX(Profiles!$E$4:$E$23,MATCH(T9,Profiles!$A$4:$A$23,0))) -> High to Critical | J9: =IF(OR(H9="",T9=""),"",IF(ISNUMBER(SEARCH(H9,I9)),"Matches profile",IF(OR(H9="High",H9="Critical"),"Above profile (OK)","Review vs profile default"))) -> Matches profile | K9: Confidential | L9: Confidential | M9: No | N9: Yes | O9: [Contact-3]@organization.local | P9: IT Security | R9: Pending / Needs Documentation | S9: Govern | Map | Measure | Manage | T9: P5 | U9: =IFERROR(INDEX(Profiles!$K$4:$K$23,MATCH(T9,Profiles!$A$4:$A$23,0)),"") -> Rule 4 | V9: =IF(T9="","",INDEX(Profiles!$F$4:$F$23,MATCH(T9,Profiles!$A$4:$A$23,0))) -> Human-In-The-Loop for privileged or irreversible actions | W9: =IF(T9="","",INDEX(Profiles!$G$4:$G$23,MATCH(T9,Profiles!$A$4:$A$23,0))) -> ITGC | X9: =IF(T9="","",INDEX(Profiles!$J$4:$J$23,MATCH(T9,Profiles!$A$4:$A$23,0))) -> Quarterly | Y9: Agentic PO workflow acting across systems -> P5. Customer/supplier-facing; confirm vendor controls and human approval gates for PO actions. | Z9: =IFERROR(INDEX('Risk Assessment'!$F$4:$F$10,MATCH(A9,'Risk Assessment'!$A$4:$A$10,0)),"") -> Critical
A10: AI-006 | B10: Startreck.AI | C10: Startreck.AI | D10: AI video generator for Company communications channels | E10: Communications | F10: Generative AI | G10: Scripts, documents, and media provided by the user; generated video | H10: =IF(OR(L10="Sensitive",N10="Yes"),"High",IF(OR(L10="Confidential",M10="Yes"),"High",IF(L10="Internal","Moderate","Low"))) -> High | I10: =IF(T10="","",INDEX(Profiles!$E$4:$E$23,MATCH(T10,Profiles!$A$4:$A$23,0))) -> High | J10: =IF(OR(H10="",T10=""),"",IF(ISNUMBER(SEARCH(H10,I10)),"Matches profile",IF(OR(H10="High",H10="Critical"),"Above profile (OK)","Review vs profile default"))) -> Matches profile | K10: Confidential | L10: Confidential | M10: No | N10: No | O10: [Contact-4]@organization.local | P10: IT Security and ITGC | R10: Rejected | S10: Govern | Map | Measure | Manage | T10: P19 | U10: =IFERROR(INDEX(Profiles!$K$4:$K$23,MATCH(T10,Profiles!$A$4:$A$23,0)),"") -> Rule 7 | V10: =IF(T10="","",INDEX(Profiles!$F$4:$F$23,MATCH(T10,Profiles!$A$4:$A$23,0))) -> Human-In-The-Loop with brand and legal review before publication | W10: =IF(T10="","",INDEX(Profiles!$G$4:$G$23,MATCH(T10,Profiles!$A$4:$A$23,0))) -> ITGC with Legal review (external-facing); IT Security and Business Owner (internal only) | X10: =IF(T10="","",INDEX(Profiles!$J$4:$J$23,MATCH(T10,Profiles!$A$4:$A$23,0))) -> Semiannual; Quarterly if external-facing | Y10: Human-driven GenAI video generation -> P19. Confirm licensing/rights and AI-use disclosure for external channels. | Z10: =IFERROR(INDEX('Risk Assessment'!$F$4:$F$10,MATCH(A10,'Risk Assessment'!$A$4:$A$10,0)),"") -> Critical
A11: AI-007 | B11: SAMPLE AI | C11: Potential Hazard Navigator | D11: To develop an AI tool used to query safety risk assessment data, MOC, and other process safety data - PILOT DEVELOPMENT ONLY | E11: Factory safety data | F11: AI APIs and Integrations | G11: System Diagrams or Documentation; Operational Procedures | H11: =IF(OR(L11="Sensitive",N11="Yes"),"High",IF(OR(L11="Confidential",M11="Yes"),"High",IF(L11="Internal","Moderate","Low"))) -> High | I11: =IF(T11="","",INDEX(Profiles!$E$4:$E$23,MATCH(T11,Profiles!$A$4:$A$23,0))) -> Moderate | J11: =IF(OR(H11="",T11=""),"",IF(ISNUMBER(SEARCH(H11,I11)),"Matches profile",IF(OR(H11="High",H11="Critical"),"Above profile (OK)","Review vs profile default"))) -> Above profile (OK) | K11: Confidential | L11: Internal | M11: Yes | N11: No | O11: [Contact-4]@organization.local | P11: IT | Q11: 2025-12-05 00:00:00 | R11: Approved | S11: Govern | Map | Measure | Manage | T11: P2 | U11: =IFERROR(INDEX(Profiles!$K$4:$K$23,MATCH(T11,Profiles!$A$4:$A$23,0)),"") -> Rule 9 | V11: =IF(T11="","",INDEX(Profiles!$F$4:$F$23,MATCH(T11,Profiles!$A$4:$A$23,0))) -> Human-In-The-Loop | W11: =IF(T11="","",INDEX(Profiles!$G$4:$G$23,MATCH(T11,Profiles!$A$4:$A$23,0))) -> IT Security and Business Owner | X11: =IF(T11="","",INDEX(Profiles!$J$4:$J$23,MATCH(T11,Profiles!$A$4:$A$23,0))) -> At conclusion, or annually | Y11: Time-boxed pilot querying EHS&S/process safety data; profile matches P2 default (Evaluation and Proof of Concept); risk tier validated above profile default given Confidential-adjacent safety data. | Z11: =IFERROR(INDEX('Risk Assessment'!$F$4:$F$10,MATCH(A11,'Risk Assessment'!$A$4:$A$10,0)),"") -> Critical

Sheet Profiles
A1: AI RMF Profiles - Reference (P1-P20)
A2: Assigned at intake (Step 1). Sets the starting position: default classification, default risk tier, oversight, controls. Final risk tier is confirmed in Step 2 and may be escalated but not silently downgraded. See the Profile Selection sheet for how to choose.
A3: Profile ID | B3: Profile Name | C3: Typical Use | D3: Default Classification | E3: Default Risk Tier | F3: Human Oversight | G3: Approval Authority | H3: Mandatory Controls | I3: Monitoring Focus | J3: Review Frequency | K3: Primary Selection Rule
A4: P1 | B4: Enterprise Productivity Assistant | C4: Broadly deployed assistant embedded in enterprise productivity tools | D4: Confidential | E4: High | F4: Human-In-The-Loop for business decisions and external communication | G4: ITGC | H4: Tenant data boundary; access aligned to existing permissions; audit logging; acceptable use guidance; user training | I4: Data exposure, oversharing, output reliance | J4: Semiannual | K4: Rule 10
A5: P2 | B5: Evaluation and Proof of Concept | C5: Time-boxed evaluation with a limited user group | D5: Internal | E5: Moderate | F5: Human-In-The-Loop | G5: IT Security and Business Owner | H5: Defined end date; named participants; Internal data only; no PII or Confidential data; no production dependency | I5: Scope and classification adherence | J5: At conclusion, or annually | K5: Rule 9
A6: P3 | B6: Domain and Technical Assistant | C6: Support for a specific tool, dataset, or technical discipline | D6: Internal | E6: Moderate | F6: Human-In-The-Loop | G6: IT Security and Business Owner | H6: Restricted user group; limited data scope; documented limitations; no automated decisions | I6: Scope creep, output accuracy | J6: Annual | K6: Rule 11
A7: P4 | B7: Developer and Code Assistant | C7: Code generation, review, and software development support | D7: Confidential | E7: High | F7: Human-In-The-Loop with code review | G7: ITGC | H7: No Sensitive data in prompts; code review before merge; secret scanning; license and IP review | I7: Source code exposure, insecure suggestions | J7: Semiannual | K7: Rule 7
A8: P5 | B8: Agentic Automation | C8: AI that executes multi-step tasks, calls tools, or acts on systems | D8: Confidential | E8: High to Critical | F8: Human-In-The-Loop for privileged or irreversible actions | G8: ITGC | H8: Least privilege identity; action allow list; approval gate for privileged actions; full action logging; rollback capability | I8: Action logs, privilege use, unexpected actions | J8: Quarterly | K8: Rule 4
A9: P6 | B9: Customer or Supplier Facing | C9: AI that interacts with external parties or generates external content | D9: Confidential | E9: High | F9: Human-In-The-Loop with approved response boundaries | G9: ITGC with Legal review | H9: Approved content boundaries; disclosure of AI use where required; escalation path to a human; brand and legal review | I9: Output accuracy, complaints, external disclosure | J9: Quarterly | K9: Rule 5
A10: P7 | B10: People and HR Decision Support | C10: AI supporting recruiting, evaluation, or workforce decisions | D10: Sensitive | E10: Critical | F10: Human-In-The-Loop with documented decision authority | G10: ITGC with Legal and Privacy review | H10: Documented human decision authority; bias assessment; privacy review; retention; notice where required | I10: Bias indicators, overrides, complaints | J10: Quarterly | K10: Rule 1
A11: P8 | B11: Operational Technology and Laboratory | C11: AI supporting plant, process, or laboratory activities | D11: Confidential to Sensitive | E11: Critical | F11: Human-In-The-Loop with no autonomous control actions | G11: ITGC with operational safety review | H11: Advisory only; no control system write access; network segmentation; engineering validation of outputs | I11: Output validation, attempted integrations, safety impact | J11: Quarterly | K11: Rule 3
A12: P9 | B12: Research and Formulation Support | C12: R&D support, scientific literature review, experimental design, formulation work | D12: Confidential to Sensitive | E12: High to Critical | F12: Human-In-The-Loop with technical validation of all outputs | G12: ITGC with R&D leadership review | H12: No unapproved upload of formulations or compositions; IP and export control review; technical validation before use; restricted user group | I12: Formulation and IP exposure, output accuracy, scope adherence | J12: Quarterly | K12: Rule 6
A13: P10 | B13: Legal and Contract Analysis | C13: Contract review, clause comparison, obligation extraction, legal research | D13: Confidential | E13: High | F13: Human-In-The-Loop with attorney or contract owner review | G13: ITGC with Legal review | H13: Privilege protection; no vendor training on submitted documents; retention limits; attorney or contract owner review of all conclusions | I13: Privileged content exposure, extraction accuracy | J13: Semiannual | K13: Rule 6
A14: P11 | B14: Finance and Reporting Support | C14: Financial data analysis, close support, reporting inputs | D14: Confidential | E14: High to Critical | F14: Human-In-The-Loop with reviewer independent of preparer | G14: ITGC with Finance and SOX review | H14: No autonomous journal or system postings; evidence retention for audit; segregation of duties; SOX control mapping where in scope | I14: Output accuracy, reliance within controls, audit evidence completeness | J14: Quarterly | K14: Rule 6
... A23: P20 | B23: Identity Cloning & Impersonation (Voice or Likeness) | C23: Cloned voice or likeness of a named real person, digital twins, custom personal avatars, in-voice dubbing | D23: Sensitive | E23: Critical | F23: Human-In-The-Loop with every output reviewed; no autonomous generation | G23: ITGC with Legal and Privacy review; documented consent of the individual on file | H23: Written, revocable consent from the person cloned held on file (for employees, decoupled from any condition of employment); biometric handling under GDPR and Illinois BIPA with a documented retention and destruction schedule; restricted, logged access to the cloned asset with revoke or delete on demand; AI-use disclosure or provenance watermark on output; prohibited uses defined (no approvals, financial, legal, or safety instructions issued via a cloned voice; anti-vishing safeguards); right-of-publicity review by Legal; defined incident path for misuse or deepfake | I23: Consent status and expiry, access to and use of the cloned asset, misuse or deepfake attempts, disclosure compliance, biometric retention compliance | J23: Quarterly | K23: Rule 2

Sheet Profile Selection
A1: AI RMF Profile Selection - Ordered Rules
A2: Apply the rules top to bottom and stop at the first match. Because the rules run highest-risk first, the sharper risk always wins — a tool that is both agentic and customer-facing is caught as agentic (Rule 4) before Rule 5. P20 (Rule 2) is always caught before P19 (Rule 7), and P18 (Rule 8) only applies when no earlier rule matched. If the use later changes so a different rule would apply, re-run selection — this is a Step 7 reassessment trigger.
A3: Rule | B3: If the intake record shows | C3: Source Intake Field | D3: Profile
A4: Rule 1 | B4: The system evaluates, ranks, screens, or prioritizes people | C4: Impact Assessment - People impact | D4: P7
A5: Rule 2 | B5: The system clones or replicates a real, identifiable person’s voice or likeness | C5: AI system type; Impact Assessment - People impact | D5: P20
A6: Rule 3 | B6: The system supports plant, PCN, process, or laboratory activity | C6: Impact Assessment - Safety impact | D6: P8
A7: Rule 4 | B7: The system acts on other systems, calls tools, or executes workflows | C7: AI system type - Agentic | D7: P5
A8: Rule 5 | B8: Output reaches customers, suppliers, or the public | C8: User scope; Impact Assessment - Stakeholders | D8: P6
A9: Rule 6 | B9: The tool is owned by a specialist function: R&D, Legal, Finance, Security Operations, Procurement, or Marketing | C9: Business Owner function | D9: P9, P10, P11, P12, P15, P14 respectively
A10: Rule 7 | B10: The tool is defined by a capability: code assistance, meeting capture, dataset querying, policy question answering, or video/audio generation | C10: Business use case and purpose | D10: P4, P16, P13, P17, P19 respectively
A11: Rule 8 | B11: AI is being enabled inside an application that is already approved | C11: Vendor and integration details | D11: P18
A12: Rule 9 | B12: The tool is a time-boxed pilot: Internal data only, no PII or Confidential data, and no production dependency | C12: User scope; Lifecycle = Pilot | D12: P2
A13: Rule 10 | B13: The tool is deployed enterprise-wide within the existing data boundary | C13: User scope - enterprise-wide | D13: P1
A14: Rule 11 | B14: The tool serves a narrow group, one tool or dataset, with no decision impact | C14: User scope and data scope | D14: P3
A15: Rule 12 | B15: No rule above matches | C15: Not applicable | D15: No profile; IT Security determines whether a new profile is warranted

Sheet Risk Assessment
A1: Risk Assessment - NIST AI RMF Govern, Map, Measure, Manage
A3: AI ID | B3: AI System Name | C3: Inherent Risk | D3: Validated Risk Tier (Impact & Control Validation) | E3: Validation Result | F3: Overall Risk Rating | G3: Risk Drivers | H3: Primary Risk Category | I3: Potential Harm | J3: Key Mitigations | K3: Risk Owner | L3: IT Risk Register Entry Required | M3: Risk Acceptance Required | N3: Assigned Profile | O3: Applicable Risk Categories | P3: Category Count | Q3: Applicable Harms | R3: Harm Count | S3: Required Evidence (from applicable categories)
A4: =INDEX('AI Inventory'!$A$5:$A$11,1) -> AI-001 | B4: =INDEX('AI Inventory'!$C$5:$C$11,1) -> Copilot | C4: =IFERROR(INDEX('AI Inventory'!$H$5:$H$11,MATCH(A4,'AI Inventory'!$A$5:$A$11,0)),"") -> High | D4: =INDEX('Reference Lists'!$B$4:$B$7,MAX(MATCH(C4,'Reference Lists'!$B$4:$B$7,0),MATCH( IF(INDEX('Risk & Harm Assessment'!$R$5:$R$11,MATCH($A4,'Risk & Harm Assessment'!$A$5:$A$11,0))="Yes","Critical", IF(AND(INDEX('Risk & Harm Assessment'!$H$5:$H$11,MATCH($A4,'Risk & Harm Assessment'!$A$5:$A$11,0))="Yes",ISNUMBER(SEARCH("Agentic",'AI Inventory'!F5))),"Critical", IF(AND(OR(INDEX('Risk & Harm Assessment'!$N$5:$N$11,MATCH($A4,'Risk & Harm Assessment'!$A$5:$A$11,0))="Yes",'AI Inventory'!N5="Yes"),'AI Inventory'!L5="Sensitive"),"Critical", IF(AND(OR(INDEX('Risk & Harm Assessment'!$N$5:$N$11,MATCH($A4,'Risk & Harm Assessment'!$A$5:$A$11,0))="Yes",'AI Inventory'!N5="Yes"),'AI Inventory'!L5="Confidential"),"High", IF(AND(ISNUMBER(SEARCH("Agentic",'AI Inventory'!F5)),INDEX('Risk & Harm Assessment'!$L$5:$L$11,MATCH($A4,'Risk & Harm Assessment'!$A$5:$A$11,0))="Yes"),"High", IF(AND(INDEX('Risk & Harm Assessment'!$K$5:$K$11,MATCH($A4,'Risk & Harm Assessment'!$A$5:$A$11,0))="Yes",'AI Inventory'!N5="Yes"),"High", IF(INDEX('Risk & Harm Assessment'!$I$5:$I$11,MATCH($A4,'Risk & Harm Assessment'!$A$5:$A$11,0))="Yes","High", IF(AND(ISNUMBER(SEARCH("Generative",'AI Inventory'!F5)),C4="Low"),"Moderate",C4) ))))))),'Reference Lists'!$B$4:$B$7,0))) -> High | E4: =IF(D4=C4,"Confirmed at "&C4,"Escalate: "&C4&" to "&D4) -> Confirmed at High | F4: =INDEX('Reference Lists'!$B$4:$B$7,MAX(MATCH(D4,'Reference Lists'!$B$4:$B$7,0),MATCH(INDEX('Vendor & Security'!$E$4:$E$10,MATCH($A4,'Vendor & Security'!$A$4:$A$10,0)),'Reference Lists'!$B$4:$B$7,0),MATCH(INDEX('Data & Privacy'!$D$4:$D$10,MATCH($A4,'Data & Privacy'!$A$4:$A$10,0)),'Reference Lists'!$B$4:$B$7,0),MATCH(INDEX('Legal & Compliance'!$D$4:$D$10,MATCH($A4,'Legal & Compliance'!$A$4:$A$10,0)),'Reference Lists'!$B$4:$B$7,0))) -> High | G4: =TRIM(_xlfn.TEXTJOIN(", ",TRUE,IF(MATCH(D4,'Reference Lists'!$B$4:$B$7,0)=MAX(MATCH(D4,'Reference Lists'!$B$4:$B$7,0),MATCH(INDEX('Vendor & Security'!$E$4:$E$10,MATCH($A4,'Vendor & Security'!$A$4:$A$10,0)),'Reference Lists'!$B$4:$B$7,0),MATCH(INDEX('Data & Privacy'!$D$4:$D$10,MATCH($A4,'Data & Privacy'!$A$4:$A$10,0)),'Reference Lists'!$B$4:$B$7,0),MATCH(INDEX('Legal & Compliance'!$D$4:$D$10,MATCH($A4,'Legal & Compliance'!$A$4:$A$10,0)),'Reference Lists'!$B$4:$B$7,0)),"Validated Risk ("&D4&")",""),IF(MATCH(INDEX('Vendor & Security'!$E$4:$E$10,MATCH($A4,'Vendor & Security'!$A$4:$A$10,0)),'Reference Lists'!$B$4:$B$7,0)=MAX(MATCH(D4,'Reference Lists'!$B$4:$B$7,0),MATCH(INDEX('Vendor & Security'!$E$4:$E$10,MATCH($A4,'Vendor & Security'!$A$4:$A$10,0)),'Reference Lists'!$B$4:$B$7,0),MATCH(INDEX('Data & Privacy'!$D$4:$D$10,MATCH($A4,'Data & Privacy'!$A$4:$A$10,0)),'Reference Lists'!$B$4:$B$7,0),MATCH(INDEX('Legal & Compliance'!$D$4:$D$10,MATCH($A4,'Legal & Compliance'!$A$4:$A$10,0)),'Reference Lists'!$B$4:$B$7,0)),"Vendor ("&INDEX('Vendor & Security'!$E$4:$E$10,MATCH($A4,'Vendor & Security'!$A$4:$A$10,0))&")",""),IF(MATCH(INDEX('Data & Privacy'!$D$4:$D$10,MATCH($A4,'Data & Privacy'!$A$4:$A$10,0)),'Reference Lists'!$B$4:$B$7,0)=MAX(MATCH(D4,'Reference Lists'!$B$4:$B$7,0),MATCH(INDEX('Vendor & Security'!$E$4:$E$10,MATCH($A4,'Vendor & Security'!$A$4:$A$10,0)),'Reference Lists'!$B$4:$B$7,0),MATCH(INDEX('Data & Privacy'!$D$4:$D$10,MATCH($A4,'Data & Privacy'!$A$4:$A$10,0)),'Reference Lists'!$B$4:$B$7,0),MATCH(INDEX('Legal & Compliance'!$D$4:$D$10,MATCH($A4,'Legal & Compliance'!$A$4:$A$10,0)),'Reference Lists'!$B$4:$B$7,0)),"Privacy ("&INDEX('Data & Privacy'!$D$4:$D$10,MATCH($A4,'Data & Privacy'!$A$4:$A$10,0))&")",""),IF(MATCH(INDEX('Legal & Compliance'!$D$4:$D$10,MATCH($A4,'Legal & Compliance'!$A$4:$A$10,0)),'Reference Lists'!$B$4:$B$7,0)=MAX(MATCH(D4,'Reference Lists'!$B$4:$B$7,0),MATCH(INDEX('Vendor & Security'!$E$4:$E$10,MATCH($A4,'Vendor & Security'!$A$4:$A$10,0)),'Reference Lists'!$B$4:$B$7,0),MATCH(INDEX('Data & Privacy'!$D$4:$D$10,MATCH($A4,'Data & Privacy'!$A$4:$A$10,0)),'Reference Lists'!$B$4:$B$7,0),MATCH(INDEX('Legal & Compliance'!$D$4:$D$10,MATCH($A4,'Legal & Compliance'!$A$4:$A$10,0)),'Reference Lists'!$B$4:$B$7,0)),"Legal ("&INDEX('Legal & Compliance'!$D$4:$D$10,MATCH($A4,'Legal & Compliance'!$A$4:$A$10,0))&")",""))) -> Validated Risk (High) | H4: Data leakage and disclosure | I4: Confidentiality harm | J4: Access controls, DLP, approved usage guidance, logging, vendor controls | K4: Business Owner / Requestor | L4: =IF(OR(D4="High",D4="Critical"),"Yes","No") -> Yes | M4: =IF(OR(D4="High",D4="Critical"),"Yes","No") -> Yes | N4: =IFERROR(INDEX('AI Inventory'!$T$5:$T$11,MATCH(A4,'AI Inventory'!$A$5:$A$11,0)),"") -> P1 | O4: =IFERROR(INDEX('Risk & Harm Assessment'!$W$5:$W$11,MATCH(A4,'Risk & Harm Assessment'!$A$5:$A$11,0)),"") -> Data leakage and disclosure, Prompt injection and adversarial input, Hallucination and incorrect output, Unauthorized data retention, Model drift and degradation, Overreliance and automation bias, Bias and harmful output, Third-party and value chain risk, Information security risk, Privacy risk, Regulatory and legal risk | P4: =IFERROR(INDEX('Risk & Harm Assessment'!$X$5:$X$11,MATCH(A4,'Risk & Harm Assessment'!$A$5:$A$11,0)),"") -> 11 | Q4: =IFERROR(INDEX('Risk & Harm Assessment'!$Y$5:$Y$11,MATCH(A4,'Risk & Harm Assessment'!$A$5:$A$11,0)),"") -> Individual harm, Organizational harm, Regulatory harm, Confidentiality harm, Information integrity harm | R4: =IFERROR(INDEX('Risk & Harm Assessment'!$Z$5:$Z$11,MATCH(A4,'Risk & Harm Assessment'!$A$5:$A$11,0)),"") -> 5 | S4: =_xlfn.TEXTJOIN(", ",TRUE,IF(INDEX('Risk & Harm Assessment'!$C$5:$C$11,MATCH($A4,'Risk & Harm Assessment'!$A$5:$A$11,0))="Yes",INDEX('Reference Lists'!$M$4:$M$16,1),""),IF(INDEX('Risk & Harm Assessment'!$D$5:$D$11,MATCH($A4,'Risk & Harm Assessment'!$A$5:$A$11,0))="Yes",INDEX('Reference Lists'!$M$4:$M$16,2),""),IF(INDEX('Risk & Harm Assessment'!$E$5:$E$11,MATCH($A4,'Risk & Harm Assessment'!$A$5:$A$11,0))="Yes",INDEX('Reference Lists'!$M$4:$M$16,3),""),IF(INDEX('Risk & Harm Assessment'!$F$5:$F$11,MATCH($A4,'Risk & Harm Assessment'!$A$5:$A$11,0))="Yes",INDEX('Reference Lists'!$M$4:$M$16,4),""),IF(INDEX('Risk & Harm Assessment'!$G$5:$G$11,MATCH($A4,'Risk & Harm Assessment'!$A$5:$A$11,0))="Yes",INDEX('Reference Lists'!$M$4:$M$16,5),""),IF(INDEX('Risk & Harm Assessment'!$H$5:$H$11,MATCH($A4,'Risk & Harm Assessment'!$A$5:$A$11,0))="Yes",INDEX('Reference Lists'!$M$4:$M$16,6),""),IF(INDEX('Risk & Harm Assessment'!$I$5:$I$11,MATCH($A4,'Risk & Harm Assessment'!$A$5:$A$11,0))="Yes",INDEX('Reference Lists'!$M$4:$M$16,7),""),IF(INDEX('Risk & Harm Assessment'!$J$5:$J$11,MATCH($A4,'Risk & Harm Assessment'!$A$5:$A$11,0))="Yes",INDEX('Reference Lists'!$M$4:$M$16,8),""),IF(INDEX('Risk & Harm Assessment'!$K$5:$K$11,MATCH($A4,'Risk & Harm Assessment'!$A$5:$A$11,0))="Yes",INDEX('Reference Lists'!$M$4:$M$16,9),""),IF(INDEX('Risk & Harm Assessment'!$L$5:$L$11,MATCH($A4,'Risk & Harm Assessment'!$A$5:$A$11,0))="Yes",INDEX('Reference Lists'!$M$4:$M$16,10),""),IF(INDEX('Risk & Harm Assessment'!$M$5:$M$11,MATCH($A4,'Risk & Harm Assessment'!$A$5:$A$11,0))="Yes",INDEX('Reference Lists'!$M$4:$M$16,11),""),IF(INDEX('Risk & Harm Assessment'!$N$5:$N$11,MATCH($A4,'Risk & Harm Assessment'!$A$5:$A$11,0))="Yes",INDEX('Reference Lists'!$M$4:$M$16,12),""),IF(INDEX('Risk & Harm Assessment'!$O$5:$O$11,MATCH($A4,'Risk & Harm Assessment'!$A$5:$A$11,0))="Yes",INDEX('Reference Lists'!$M$4:$M$16,13),"")) -> Data flow, classification, retention and deletion terms, Guardrails, abuse testing, monitoring, Validation process, user guidance, review requirements, Contract terms, DPA, vendor documentation, Change notification, monitoring approach, review cadence, Human oversight model, training, disclaimers, Bias assessment, human review, prohibited uses, ITDRA, SOC 2 or ISO evidence, subprocessor review, Architecture review, MFA, RBAC, logging, patching, Privacy review, DPA, retention controls, Legal and Compliance review, regulatory mapping
A5: =INDEX('AI Inventory'!$A$5:$A$11,2) -> AI-002 | B5: =INDEX('AI Inventory'!$C$5:$C$11,2) -> Claude AI | C5: =IFERROR(INDEX('AI Inventory'!$H$5:$H$11,MATCH(A5,'AI Inventory'!$A$5:$A$11,0)),"") -> Moderate | D5: =INDEX('Reference Lists'!$B$4:$B$7,MAX(MATCH(C5,'Reference Lists'!$B$4:$B$7,0),MATCH( IF(INDEX('Risk & Harm Assessment'!$R$5:$R$11,MATCH($A5,'Risk & Harm Assessment'!$A$5:$A$11,0))="Yes","Critical", IF(AND(INDEX('Risk & Harm Assessment'!$H$5:$H$11,MATCH($A5,'Risk & Harm Assessment'!$A$5:$A$11,0))="Yes",ISNUMBER(SEARCH("Agentic",'AI Inventory'!F6))),"Critical", IF(AND(OR(INDEX('Risk & Harm Assessment'!$N$5:$N$11,MATCH($A5,'Risk & Harm Assessment'!$A$5:$A$11,0))="Yes",'AI Inventory'!N6="Yes"),'AI Inventory'!L6="Sensitive"),"Critical", IF(AND(OR(INDEX('Risk & Harm Assessment'!$N$5:$N$11,MATCH($A5,'Risk & Harm Assessment'!$A$5:$A$11,0))="Yes",'AI Inventory'!N6="Yes"),'AI Inventory'!L6="Confidential"),"High", IF(AND(ISNUMBER(SEARCH("Agentic",'AI Inventory'!F6)),INDEX('Risk & Harm Assessment'!$L$5:$L$11,MATCH($A5,'Risk & Harm Assessment'!$A$5:$A$11,0))="Yes"),"High", IF(AND(INDEX('Risk & Harm Assessment'!$K$5:$K$11,MATCH($A5,'Risk & Harm Assessment'!$A$5:$A$11,0))="Yes",'AI Inventory'!N6="Yes"),"High", IF(INDEX('Risk & Harm Assessment'!$I$5:$I$11,MATCH($A5,'Risk & Harm Assessment'!$A$5:$A$11,0))="Yes","High", IF(AND(ISNUMBER(SEARCH("Generative",'AI Inventory'!F6)),C5="Low"),"Moderate",C5) ))))))),'Reference Lists'!$B$4:$B$7,0))) -> Moderate | E5: =IF(D5=C5,"Confirmed at "&C5,"Escalate: "&C5&" to "&D5) -> Confirmed at Moderate | F5: =INDEX('Reference Lists'!$B$4:$B$7,MAX(MATCH(D5,'Reference Lists'!$B$4:$B$7,0),MATCH(INDEX('Vendor & Security'!$E$4:$E$10,MATCH($A5,'Vendor & Security'!$A$4:$A$10,0)),'Reference Lists'!$B$4:$B$7,0),MATCH(INDEX('Data & Privacy'!$D$4:$D$10,MATCH($A5,'Data & Privacy'!$A$4:$A$10,0)),'Reference Lists'!$B$4:$B$7,0),MATCH(INDEX('Legal & Compliance'!$D$4:$D$10,MATCH($A5,'Legal & Compliance'!$A$4:$A$10,0)),'Reference Lists'!$B$4:$B$7,0))) -> High | G5: =TRIM(_xlfn.TEXTJOIN(", ",TRUE,IF(MATCH(D5,'Reference Lists'!$B$4:$B$7,0)=MAX(MATCH(D5,'Reference Lists'!$B$4:$B$7,0),MATCH(INDEX('Vendor & Security'!$E$4:$E$10,MATCH($A5,'Vendor & Security'!$A$4:$A$10,0)),'Reference Lists'!$B$4:$B$7,0),MATCH(INDEX('Data & Privacy'!$D$4:$D$10,MATCH($A5,'Data & Privacy'!$A$4:$A$10,0)),'Reference Lists'!$B$4:$B$7,0),MATCH(INDEX('Legal & Compliance'!$D$4:$D$10,MATCH($A5,'Legal & Compliance'!$A$4:$A$10,0)),'Reference Lists'!$B$4:$B$7,0)),"Validated Risk ("&D5&")",""),IF(MATCH(INDEX('Vendor & Security'!$E$4:$E$10,MATCH($A5,'Vendor & Security'!$A$4:$A$10,0)),'Reference Lists'!$B$4:$B$7,0)=MAX(MATCH(D5,'Reference Lists'!$B$4:$B$7,0),MATCH(INDEX('Vendor & Security'!$E$4:$E$10,MATCH($A5,'Vendor & Security'!$A$4:$A$10,0)),'Reference Lists'!$B$4:$B$7,0),MATCH(INDEX('Data & Privacy'!$D$4:$D$10,MATCH($A5,'Data & Privacy'!$A$4:$A$10,0)),'Reference Lists'!$B$4:$B$7,0),MATCH(INDEX('Legal & Compliance'!$D$4:$D$10,MATCH($A5,'Legal & Compliance'!$A$4:$A$10,0)),'Reference Lists'!$B$4:$B$7,0)),"Vendor ("&INDEX('Vendor & Security'!$E$4:$E$10,MATCH($A5,'Vendor & Security'!$A$4:$A$10,0))&")",""),IF(MATCH(INDEX('Data & Privacy'!$D$4:$D$10,MATCH($A5,'Data & Privacy'!$A$4:$A$10,0)),'Reference Lists'!$B$4:$B$7,0)=MAX(MATCH(D5,'Reference Lists'!$B$4:$B$7,0),MATCH(INDEX('Vendor & Security'!$E$4:$E$10,MATCH($A5,'Vendor & Security'!$A$4:$A$10,0)),'Reference Lists'!$B$4:$B$7,0),MATCH(INDEX('Data & Privacy'!$D$4:$D$10,MATCH($A5,'Data & Privacy'!$A$4:$A$10,0)),'Reference Lists'!$B$4:$B$7,0),MATCH(INDEX('Legal & Compliance'!$D$4:$D$10,MATCH($A5,'Legal & Compliance'!$A$4:$A$10,0)),'Reference Lists'!$B$4:$B$7,0)),"Privacy ("&INDEX('Data & Privacy'!$D$4:$D$10,MATCH($A5,'Data & Privacy'!$A$4:$A$10,0))&")",""),IF(MATCH(INDEX('Legal & Compliance'!$D$4:$D$10,MATCH($A5,'Legal & Compliance'!$A$4:$A$10,0)),'Reference Lists'!$B$4:$B$7,0)=MAX(MATCH(D5,'Reference Lists'!$B$4:$B$7,0),MATCH(INDEX('Vendor & Security'!$E$4:$E$10,MATCH($A5,'Vendor & Security'!$A$4:$A$10,0)),'Reference Lists'!$B$4:$B$7,0),MATCH(INDEX('Data & Privacy'!$D$4:$D$10,MATCH($A5,'Data & Privacy'!$A$4:$A$10,0)),'Reference Lists'!$B$4:$B$7,0),MATCH(INDEX('Legal & Compliance'!$D$4:$D$10,MATCH($A5,'Legal & Compliance'!$A$4:$A$10,0)),'Reference Lists'!$B$4:$B$7,0)),"Legal ("&INDEX('Legal & Compliance'!$D$4:$D$10,MATCH($A5,'Legal & Compliance'!$A$4:$A$10,0))&")",""))) -> Legal (High) | H5: Data leakage and disclosure | I5: Organizational harm | J5: Limited access, user guidance, vendor security review, retention limits, implement SSO | K5: Business Owner / Requestor | L5: =IF(OR(D5="High",D5="Critical"),"Yes","No") -> No | M5: =IF(OR(D5="High",D5="Critical"),"Yes","No") -> No | N5: =IFERROR(INDEX('AI Inventory'!$T$5:$T$11,MATCH(A5,'AI Inventory'!$A$5:$A$11,0)),"") -> P2 | O5: =IFERROR(INDEX('Risk & Harm Assessment'!$W$5:$W$11,MATCH(A5,'Risk & Harm Assessment'!$A$5:$A$11,0)),"") -> Data leakage and disclosure, Prompt injection and adversarial input, Hallucination and incorrect output, Unauthorized data retention, Model drift and degradation, Overreliance and automation bias, Bias and harmful output, Third-party and value chain risk, Information security risk | P5: =IFERROR(INDEX('Risk & Harm Assessment'!$X$5:$X$11,MATCH(A5,'Risk & Harm Assessment'!$A$5:$A$11,0)),"") -> 9 | Q5: =IFERROR(INDEX('Risk & Harm Assessment'!$Y$5:$Y$11,MATCH(A5,'Risk & Harm Assessment'!$A$5:$A$11,0)),"") -> Organizational harm, Confidentiality harm, Information integrity harm | R5: =IFERROR(INDEX('Risk & Harm Assessment'!$Z$5:$Z$11,MATCH(A5,'Risk & Harm Assessment'!$A$5:$A$11,0)),"") -> 3 | S5: =_xlfn.TEXTJOIN(", ",TRUE,IF(INDEX('Risk & Harm Assessment'!$C$5:$C$11,MATCH($A5,'Risk & Harm Assessment'!$A$5:$A$11,0))="Yes",INDEX('Reference Lists'!$M$4:$M$16,1),""),IF(INDEX('Risk & Harm Assessment'!$D$5:$D$11,MATCH($A5,'Risk & Harm Assessment'!$A$5:$A$11,0))="Yes",INDEX('Reference Lists'!$M$4:$M$16,2),""),IF(INDEX('Risk & Harm Assessment'!$E$5:$E$11,MATCH($A5,'Risk & Harm Assessment'!$A$5:$A$11,0))="Yes",INDEX('Reference Lists'!$M$4:$M$16,3),""),IF(INDEX('Risk & Harm Assessment'!$F$5:$F$11,MATCH($A5,'Risk & Harm Assessment'!$A$5:$A$11,0))="Yes",INDEX('Reference Lists'!$M$4:$M$16,4),""),IF(INDEX('Risk & Harm Assessment'!$G$5:$G$11,MATCH($A5,'Risk & Harm Assessment'!$A$5:$A$11,0))="Yes",INDEX('Reference Lists'!$M$4:$M$16,5),""),IF(INDEX('Risk & Harm Assessment'!$H$5:$H$11,MATCH($A5,'Risk & Harm Assessment'!$A$5:$A$11,0))="Yes",INDEX('Reference Lists'!$M$4:$M$16,6),""),IF(INDEX('Risk & Harm Assessment'!$I$5:$I$11,MATCH($A5,'Risk & Harm Assessment'!$A$5:$A$11,0))="Yes",INDEX('Reference Lists'!$M$4:$M$16,7),""),IF(INDEX('Risk & Harm Assessment'!$J$5:$J$11,MATCH($A5,'Risk & Harm Assessment'!$A$5:$A$11,0))="Yes",INDEX('Reference Lists'!$M$4:$M$16,8),""),IF(INDEX('Risk & Harm Assessment'!$K$5:$K$11,MATCH($A5,'Risk & Harm Assessment'!$A$5:$A$11,0))="Yes",INDEX('Reference Lists'!$M$4:$M$16,9),""),IF(INDEX('Risk & Harm Assessment'!$L$5:$L$11,MATCH($A5,'Risk & Harm Assessment'!$A$5:$A$11,0))="Yes",INDEX('Reference Lists'!$M$4:$M$16,10),""),IF(INDEX('Risk & Harm Assessment'!$M$5:$M$11,MATCH($A5,'Risk & Harm Assessment'!$A$5:$A$11,0))="Yes",INDEX('Reference Lists'!$M$4:$M$16,11),""),IF(INDEX('Risk & Harm Assessment'!$N$5:$N$11,MATCH($A5,'Risk & Harm Assessment'!$A$5:$A$11,0))="Yes",INDEX('Reference Lists'!$M$4:$M$16,12),""),IF(INDEX('Risk & Harm Assessment'!$O$5:$O$11,MATCH($A5,'Risk & Harm Assessment'!$A$5:$A$11,0))="Yes",INDEX('Reference Lists'!$M$4:$M$16,13),"")) -> Data flow, classification, retention and deletion terms, Guardrails, abuse testing, monitoring, Validation process, user guidance, review requirements, Contract terms, DPA, vendor documentation, Change notification, monitoring approach, review cadence, Human oversight model, training, disclaimers, Bias assessment, human review, prohibited uses, ITDRA, SOC 2 or ISO evidence, subprocessor review, Architecture review, MFA, RBAC, logging, patching
A6: =INDEX('AI Inventory'!$A$5:$A$11,3) -> AI-003 | B6: =INDEX('AI Inventory'!$C$5:$C$11,3) -> JMP Learnbot | C6: =IFERROR(INDEX('AI Inventory'!$H$5:$H$11,MATCH(A6,'AI Inventory'!$A$5:$A$11,0)),"") -> Moderate | D6: =INDEX('Reference Lists'!$B$4:$B$7,MAX(MATCH(C6,'Reference Lists'!$B$4:$B$7,0),MATCH( IF(INDEX('Risk & Harm Assessment'!$R$5:$R$11,MATCH($A6,'Risk & Harm Assessment'!$A$5:$A$11,0))="Yes","Critical", IF(AND(INDEX('Risk & Harm Assessment'!$H$5:$H$11,MATCH($A6,'Risk & Harm Assessment'!$A$5:$A$11,0))="Yes",ISNUMBER(SEARCH("Agentic",'AI Inventory'!F7))),"Critical", IF(AND(OR(INDEX('Risk & Harm Assessment'!$N$5:$N$11,MATCH($A6,'Risk & Harm Assessment'!$A$5:$A$11,0))="Yes",'AI Inventory'!N7="Yes"),'AI Inventory'!L7="Sensitive"),"Critical", IF(AND(OR(INDEX('Risk & Harm Assessment'!$N$5:$N$11,MATCH($A6,'Risk & Harm Assessment'!$A$5:$A$11,0))="Yes",'AI Inventory'!N7="Yes"),'AI Inventory'!L7="Confidential"),"High", IF(AND(ISNUMBER(SEARCH("Agentic",'AI Inventory'!F7)),INDEX('Risk & Harm Assessment'!$L$5:$L$11,MATCH($A6,'Risk & Harm Assessment'!$A$5:$A$11,0))="Yes"),"High", IF(AND(INDEX('Risk & Harm Assessment'!$K$5:$K$11,MATCH($A6,'Risk & Harm Assessment'!$A$5:$A$11,0))="Yes",'AI Inventory'!N7="Yes"),"High", IF(INDEX('Risk & Harm Assessment'!$I$5:$I$11,MATCH($A6,'Risk & Harm Assessment'!$A$5:$A$11,0))="Yes","High", IF(AND(ISNUMBER(SEARCH("Generative",'AI Inventory'!F7)),C6="Low"),"Moderate",C6) ))))))),'Reference Lists'!$B$4:$B$7,0))) -> Moderate | E6: =IF(D6=C6,"Confirmed at "&C6,"Escalate: "&C6&" to "&D6) -> Confirmed at Moderate | F6: =INDEX('Reference Lists'!$B$4:$B$7,MAX(MATCH(D6,'Reference Lists'!$B$4:$B$7,0),MATCH(INDEX('Vendor & Security'!$E$4:$E$10,MATCH($A6,'Vendor & Security'!$A$4:$A$10,0)),'Reference Lists'!$B$4:$B$7,0),MATCH(INDEX('Data & Privacy'!$D$4:$D$10,MATCH($A6,'Data & Privacy'!$A$4:$A$10,0)),'Reference Lists'!$B$4:$B$7,0),MATCH(INDEX('Legal & Compliance'!$D$4:$D$10,MATCH($A6,'Legal & Compliance'!$A$4:$A$10,0)),'Reference Lists'!$B$4:$B$7,0))) -> Moderate | G6: =TRIM(_xlfn.TEXTJOIN(", ",TRUE,IF(MATCH(D6,'Reference Lists'!$B$4:$B$7,0)=MAX(MATCH(D6,'Reference Lists'!$B$4:$B$7,0),MATCH(INDEX('Vendor & Security'!$E$4:$E$10,MATCH($A6,'Vendor & Security'!$A$4:$A$10,0)),'Reference Lists'!$B$4:$B$7,0),MATCH(INDEX('Data & Privacy'!$D$4:$D$10,MATCH($A6,'Data & Privacy'!$A$4:$A$10,0)),'Reference Lists'!$B$4:$B$7,0),MATCH(INDEX('Legal & Compliance'!$D$4:$D$10,MATCH($A6,'Legal & Compliance'!$A$4:$A$10,0)),'Reference Lists'!$B$4:$B$7,0)),"Validated Risk ("&D6&")",""),IF(MATCH(INDEX('Vendor & Security'!$E$4:$E$10,MATCH($A6,'Vendor & Security'!$A$4:$A$10,0)),'Reference Lists'!$B$4:$B$7,0)=MAX(MATCH(D6,'Reference Lists'!$B$4:$B$7,0),MATCH(INDEX('Vendor & Security'!$E$4:$E$10,MATCH($A6,'Vendor & Security'!$A$4:$A$10,0)),'Reference Lists'!$B$4:$B$7,0),MATCH(INDEX('Data & Privacy'!$D$4:$D$10,MATCH($A6,'Data & Privacy'!$A$4:$A$10,0)),'Reference Lists'!$B$4:$B$7,0),MATCH(INDEX('Legal & Compliance'!$D$4:$D$10,MATCH($A6,'Legal & Compliance'!$A$4:$A$10,0)),'Reference Lists'!$B$4:$B$7,0)),"Vendor ("&INDEX('Vendor & Security'!$E$4:$E$10,MATCH($A6,'Vendor & Security'!$A$4:$A$10,0))&")",""),IF(MATCH(INDEX('Data & Privacy'!$D$4:$D$10,MATCH($A6,'Data & Privacy'!$A$4:$A$10,0)),'Reference Lists'!$B$4:$B$7,0)=MAX(MATCH(D6,'Reference Lists'!$B$4:$B$7,0),MATCH(INDEX('Vendor & Security'!$E$4:$E$10,MATCH($A6,'Vendor & Security'!$A$4:$A$10,0)),'Reference Lists'!$B$4:$B$7,0),MATCH(INDEX('Data & Privacy'!$D$4:$D$10,MATCH($A6,'Data & Privacy'!$A$4:$A$10,0)),'Reference Lists'!$B$4:$B$7,0),MATCH(INDEX('Legal & Compliance'!$D$4:$D$10,MATCH($A6,'Legal & Compliance'!$A$4:$A$10,0)),'Reference Lists'!$B$4:$B$7,0)),"Privacy ("&INDEX('Data & Privacy'!$D$4:$D$10,MATCH($A6,'Data & Privacy'!$A$4:$A$10,0))&")",""),IF(MATCH(INDEX('Legal & Compliance'!$D$4:$D$10,MATCH($A6,'Legal & Compliance'!$A$4:$A$10,0)),'Reference Lists'!$B$4:$B$7,0)=MAX(MATCH(D6,'Reference Lists'!$B$4:$B$7,0),MATCH(INDEX('Vendor & Security'!$E$4:$E$10,MATCH($A6,'Vendor & Security'!$A$4:$A$10,0)),'Reference Lists'!$B$4:$B$7,0),MATCH(INDEX('Data & Privacy'!$D$4:$D$10,MATCH($A6,'Data & Privacy'!$A$4:$A$10,0)),'Reference Lists'!$B$4:$B$7,0),MATCH(INDEX('Legal & Compliance'!$D$4:$D$10,MATCH($A6,'Legal & Compliance'!$A$4:$A$10,0)),'Reference Lists'!$B$4:$B$7,0)),"Legal ("&INDEX('Legal & Compliance'!$D$4:$D$10,MATCH($A6,'Legal & Compliance'!$A$4:$A$10,0))&")",""))) -> Validated Risk (Moderate), Vendor (Moderate), Privacy (Moderate), Legal (Moderate) | H6: Data leakage and disclosure | I6: Confidentiality harm | J6: Limited access, user guidance, vendor security review | K6: Business Owner / Requestor | L6: =IF(OR(D6="High",D6="Critical"),"Yes","No") -> No | M6: =IF(OR(D6="High",D6="Critical"),"Yes","No") -> No | N6: =IFERROR(INDEX('AI Inventory'!$T$5:$T$11,MATCH(A6,'AI Inventory'!$A$5:$A$11,0)),"") -> P3 | O6: =IFERROR(INDEX('Risk & Harm Assessment'!$W$5:$W$11,MATCH(A6,'Risk & Harm Assessment'!$A$5:$A$11,0)),"") -> Data leakage and disclosure, Prompt injection and adversarial input, Hallucination and incorrect output, Unauthorized data retention, Model drift and degradation, Overreliance and automation bias, Third-party and value chain risk, Information security risk | P6: =IFERROR(INDEX('Risk & Harm Assessment'!$X$5:$X$11,MATCH(A6,'Risk & Harm Assessment'!$A$5:$A$11,0)),"") -> 8 | Q6: =IFERROR(INDEX('Risk & Harm Assessment'!$Y$5:$Y$11,MATCH(A6,'Risk & Harm Assessment'!$A$5:$A$11,0)),"") -> Organizational harm, Confidentiality harm, Information integrity harm | R6: =IFERROR(INDEX('Risk & Harm Assessment'!$Z$5:$Z$11,MATCH(A6,'Risk & Harm Assessment'!$A$5:$A$11,0)),"") -> 3 | S6: =_xlfn.TEXTJOIN(", ",TRUE,IF(INDEX('Risk & Harm Assessment'!$C$5:$C$11,MATCH($A6,'Risk & Harm Assessment'!$A$5:$A$11,0))="Yes",INDEX('Reference Lists'!$M$4:$M$16,1),""),IF(INDEX('Risk & Harm Assessment'!$D$5:$D$11,MATCH($A6,'Risk & Harm Assessment'!$A$5:$A$11,0))="Yes",INDEX('Reference Lists'!$M$4:$M$16,2),""),IF(INDEX('Risk & Harm Assessment'!$E$5:$E$11,MATCH($A6,'Risk & Harm Assessment'!$A$5:$A$11,0))="Yes",INDEX('Reference Lists'!$M$4:$M$16,3),""),IF(INDEX('Risk & Harm Assessment'!$F$5:$F$11,MATCH($A6,'Risk & Harm Assessment'!$A$5:$A$11,0))="Yes",INDEX('Reference Lists'!$M$4:$M$16,4),""),IF(INDEX('Risk & Harm Assessment'!$G$5:$G$11,MATCH($A6,'Risk & Harm Assessment'!$A$5:$A$11,0))="Yes",INDEX('Reference Lists'!$M$4:$M$16,5),""),IF(INDEX('Risk & Harm Assessment'!$H$5:$H$11,MATCH($A6,'Risk & Harm Assessment'!$A$5:$A$11,0))="Yes",INDEX('Reference Lists'!$M$4:$M$16,6),""),IF(INDEX('Risk & Harm Assessment'!$I$5:$I$11,MATCH($A6,'Risk & Harm Assessment'!$A$5:$A$11,0))="Yes",INDEX('Reference Lists'!$M$4:$M$16,7),""),IF(INDEX('Risk & Harm Assessment'!$J$5:$J$11,MATCH($A6,'Risk & Harm Assessment'!$A$5:$A$11,0))="Yes",INDEX('Reference Lists'!$M$4:$M$16,8),""),IF(INDEX('Risk & Harm Assessment'!$K$5:$K$11,MATCH($A6,'Risk & Harm Assessment'!$A$5:$A$11,0))="Yes",INDEX('Reference Lists'!$M$4:$M$16,9),""),IF(INDEX('Risk & Harm Assessment'!$L$5:$L$11,MATCH($A6,'Risk & Harm Assessment'!$A$5:$A$11,0))="Yes",INDEX('Reference Lists'!$M$4:$M$16,10),""),IF(INDEX('Risk & Harm Assessment'!$M$5:$M$11,MATCH($A6,'Risk & Harm Assessment'!$A$5:$A$11,0))="Yes",INDEX('Reference Lists'!$M$4:$M$16,11),""),IF(INDEX('Risk & Harm Assessment'!$N$5:$N$11,MATCH($A6,'Risk & Harm Assessment'!$A$5:$A$11,0))="Yes",INDEX('Reference Lists'!$M$4:$M$16,12),""),IF(INDEX('Risk & Harm Assessment'!$O$5:$O$11,MATCH($A6,'Risk & Harm Assessment'!$A$5:$A$11,0))="Yes",INDEX('Reference Lists'!$M$4:$M$16,13),"")) -> Data flow, classification, retention and deletion terms, Guardrails, abuse testing, monitoring, Validation process, user guidance, review requirements, Contract terms, DPA, vendor documentation, Change notification, monitoring approach, review cadence, Human oversight model, training, disclaimers, ITDRA, SOC 2 or ISO evidence, subprocessor review, Architecture review, MFA, RBAC, logging, patching
A7: =INDEX('AI Inventory'!$A$5:$A$11,4) -> AI-004 | B7: =INDEX('AI Inventory'!$C$5:$C$11,4) -> Synthesia | C7: =IFERROR(INDEX('AI Inventory'!$H$5:$H$11,MATCH(A7,'AI Inventory'!$A$5:$A$11,0)),"") -> Moderate | D7: =INDEX('Reference Lists'!$B$4:$B$7,MAX(MATCH(C7,'Reference Lists'!$B$4:$B$7,0),MATCH( IF(INDEX('Risk & Harm Assessment'!$R$5:$R$11,MATCH($A7,'Risk & Harm Assessment'!$A$5:$A$11,0))="Yes","Critical", IF(AND(INDEX('Risk & Harm Assessment'!$H$5:$H$11,MATCH($A7,'Risk & Harm Assessment'!$A$5:$A$11,0))="Yes",ISNUMBER(SEARCH("Agentic",'AI Inventory'!F8))),"Critical", IF(AND(OR(INDEX('Risk & Harm Assessment'!$N$5:$N$11,MATCH($A7,'Risk & Harm Assessment'!$A$5:$A$11,0))="Yes",'AI Inventory'!N8="Yes"),'AI Inventory'!L8="Sensitive"),"Critical", IF(AND(OR(INDEX('Risk & Harm Assessment'!$N$5:$N$11,MATCH($A7,'Risk & Harm Assessment'!$A$5:$A$11,0))="Yes",'AI Inventory'!N8="Yes"),'AI Inventory'!L8="Confidential"),"High", IF(AND(ISNUMBER(SEARCH("Agentic",'AI Inventory'!F8)),INDEX('Risk & Harm Assessment'!$L$5:$L$11,MATCH($A7,'Risk & Harm Assessment'!$A$5:$A$11,0))="Yes"),"High", IF(AND(INDEX('Risk & Harm Assessment'!$K$5:$K$11,MATCH($A7,'Risk & Harm Assessment'!$A$5:$A$11,0))="Yes",'AI Inventory'!N8="Yes"),"High", IF(INDEX('Risk & Harm Assessment'!$I$5:$I$11,MATCH($A7,'Risk & Harm Assessment'!$A$5:$A$11,0))="Yes","High", IF(AND(ISNUMBER(SEARCH("Generative",'AI Inventory'!F8)),C7="Low"),"Moderate",C7) ))))))),'Reference Lists'!$B$4:$B$7,0))) -> Moderate | E7: =IF(D7=C7,"Confirmed at "&C7,"Escalate: "&C7&" to "&D7) -> Confirmed at Moderate | F7: =INDEX('Reference Lists'!$B$4:$B$7,MAX(MATCH(D7,'Reference Lists'!$B$4:$B$7,0),MATCH(INDEX('Vendor & Security'!$E$4:$E$10,MATCH($A7,'Vendor & Security'!$A$4:$A$10,0)),'Reference Lists'!$B$4:$B$7,0),MATCH(INDEX('Data & Privacy'!$D$4:$D$10,MATCH($A7,'Data & Privacy'!$A$4:$A$10,0)),'Reference Lists'!$B$4:$B$7,0),MATCH(INDEX('Legal & Compliance'!$D$4:$D$10,MATCH($A7,'Legal & Compliance'!$A$4:$A$10,0)),'Reference Lists'!$B$4:$B$7,0))) -> Moderate | G7: =TRIM(_xlfn.TEXTJOIN(", ",TRUE,IF(MATCH(D7,'Reference Lists'!$B$4:$B$7,0)=MAX(MATCH(D7,'Reference Lists'!$B$4:$B$7,0),MATCH(INDEX('Vendor & Security'!$E$4:$E$10,MATCH($A7,'Vendor & Security'!$A$4:$A$10,0)),'Reference Lists'!$B$4:$B$7,0),MATCH(INDEX('Data & Privacy'!$D$4:$D$10,MATCH($A7,'Data & Privacy'!$A$4:$A$10,0)),'Reference Lists'!$B$4:$B$7,0),MATCH(INDEX('Legal & Compliance'!$D$4:$D$10,MATCH($A7,'Legal & Compliance'!$A$4:$A$10,0)),'Reference Lists'!$B$4:$B$7,0)),"Validated Risk ("&D7&")",""),IF(MATCH(INDEX('Vendor & Security'!$E$4:$E$10,MATCH($A7,'Vendor & Security'!$A$4:$A$10,0)),'Reference Lists'!$B$4:$B$7,0)=MAX(MATCH(D7,'Reference Lists'!$B$4:$B$7,0),MATCH(INDEX('Vendor & Security'!$E$4:$E$10,MATCH($A7,'Vendor & Security'!$A$4:$A$10,0)),'Reference Lists'!$B$4:$B$7,0),MATCH(INDEX('Data & Privacy'!$D$4:$D$10,MATCH($A7,'Data & Privacy'!$A$4:$A$10,0)),'Reference Lists'!$B$4:$B$7,0),MATCH(INDEX('Legal & Compliance'!$D$4:$D$10,MATCH($A7,'Legal & Compliance'!$A$4:$A$10,0)),'Reference Lists'!$B$4:$B$7,0)),"Vendor ("&INDEX('Vendor & Security'!$E$4:$E$10,MATCH($A7,'Vendor & Security'!$A$4:$A$10,0))&")",""),IF(MATCH(INDEX('Data & Privacy'!$D$4:$D$10,MATCH($A7,'Data & Privacy'!$A$4:$A$10,0)),'Reference Lists'!$B$4:$B$7,0)=MAX(MATCH(D7,'Reference Lists'!$B$4:$B$7,0),MATCH(INDEX('Vendor & Security'!$E$4:$E$10,MATCH($A7,'Vendor & Security'!$A$4:$A$10,0)),'Reference Lists'!$B$4:$B$7,0),MATCH(INDEX('Data & Privacy'!$D$4:$D$10,MATCH($A7,'Data & Privacy'!$A$4:$A$10,0)),'Reference Lists'!$B$4:$B$7,0),MATCH(INDEX('Legal & Compliance'!$D$4:$D$10,MATCH($A7,'Legal & Compliance'!$A$4:$A$10,0)),'Reference Lists'!$B$4:$B$7,0)),"Privacy ("&INDEX('Data & Privacy'!$D$4:$D$10,MATCH($A7,'Data & Privacy'!$A$4:$A$10,0))&")",""),IF(MATCH(INDEX('Legal & Compliance'!$D$4:$D$10,MATCH($A7,'Legal & Compliance'!$A$4:$A$10,0)),'Reference Lists'!$B$4:$B$7,0)=MAX(MATCH(D7,'Reference Lists'!$B$4:$B$7,0),MATCH(INDEX('Vendor & Security'!$E$4:$E$10,MATCH($A7,'Vendor & Security'!$A$4:$A$10,0)),'Reference Lists'!$B$4:$B$7,0),MATCH(INDEX('Data & Privacy'!$D$4:$D$10,MATCH($A7,'Data & Privacy'!$A$4:$A$10,0)),'Reference Lists'!$B$4:$B$7,0),MATCH(INDEX('Legal & Compliance'!$D$4:$D$10,MATCH($A7,'Legal & Compliance'!$A$4:$A$10,0)),'Reference Lists'!$B$4:$B$7,0)),"Legal ("&INDEX('Legal & Compliance'!$D$4:$D$10,MATCH($A7,'Legal & Compliance'!$A$4:$A$10,0))&")",""))) -> Validated Risk (Moderate), Privacy (Moderate), Legal (Moderate) | H7: Regulatory and legal risk | I7: Regulatory harm | J7: Licensing of avatars/voices, AI-use disclosure, brand/legal review, no real-person cloning (else P20), retention limits | K7: Business Owner / Requestor | L7: =IF(OR(D7="High",D7="Critical"),"Yes","No") -> No | M7: =IF(OR(D7="High",D7="Critical"),"Yes","No") -> No | N7: =IFERROR(INDEX('AI Inventory'!$T$5:$T$11,MATCH(A7,'AI Inventory'!$A$5:$A$11,0)),"") -> P19 | O7: =IFERROR(INDEX('Risk & Harm Assessment'!$W$5:$W$11,MATCH(A7,'Risk & Harm Assessment'!$A$5:$A$11,0)),"") -> Data leakage and disclosure, Hallucination and incorrect output, Unauthorized data retention, Overreliance and automation bias, Bias and harmful output, Third-party and value chain risk, Information security risk, Privacy risk, Regulatory and legal risk | P7: =IFERROR(INDEX('Risk & Harm Assessment'!$X$5:$X$11,MATCH(A7,'Risk & Harm Assessment'!$A$5:$A$11,0)),"") -> 9 | Q7: =IFERROR(INDEX('Risk & Harm Assessment'!$Y$5:$Y$11,MATCH(A7,'Risk & Harm Assessment'!$A$5:$A$11,0)),"") -> Individual harm, Organizational harm, Regulatory harm, Confidentiality harm, Information integrity harm | R7: =IFERROR(INDEX('Risk & Harm Assessment'!$Z$5:$Z$11,MATCH(A7,'Risk & Harm Assessment'!$A$5:$A$11,0)),"") -> 5 | S7: =_xlfn.TEXTJOIN(", ",TRUE,IF(INDEX('Risk & Harm Assessment'!$C$5:$C$11,MATCH($A7,'Risk & Harm Assessment'!$A$5:$A$11,0))="Yes",INDEX('Reference Lists'!$M$4:$M$16,1),""),IF(INDEX('Risk & Harm Assessment'!$D$5:$D$11,MATCH($A7,'Risk & Harm Assessment'!$A$5:$A$11,0))="Yes",INDEX('Reference Lists'!$M$4:$M$16,2),""),IF(INDEX('Risk & Harm Assessment'!$E$5:$E$11,MATCH($A7,'Risk & Harm Assessment'!$A$5:$A$11,0))="Yes",INDEX('Reference Lists'!$M$4:$M$16,3),""),IF(INDEX('Risk & Harm Assessment'!$F$5:$F$11,MATCH($A7,'Risk & Harm Assessment'!$A$5:$A$11,0))="Yes",INDEX('Reference Lists'!$M$4:$M$16,4),""),IF(INDEX('Risk & Harm Assessment'!$G$5:$G$11,MATCH($A7,'Risk & Harm Assessment'!$A$5:$A$11,0))="Yes",INDEX('Reference Lists'!$M$4:$M$16,5),""),IF(INDEX('Risk & Harm Assessment'!$H$5:$H$11,MATCH($A7,'Risk & Harm Assessment'!$A$5:$A$11,0))="Yes",INDEX('Reference Lists'!$M$4:$M$16,6),""),IF(INDEX('Risk & Harm Assessment'!$I$5:$I$11,MATCH($A7,'Risk & Harm Assessment'!$A$5:$A$11,0))="Yes",INDEX('Reference Lists'!$M$4:$M$16,7),""),IF(INDEX('Risk & Harm Assessment'!$J$5:$J$11,MATCH($A7,'Risk & Harm Assessment'!$A$5:$A$11,0))="Yes",INDEX('Reference Lists'!$M$4:$M$16,8),""),IF(INDEX('Risk & Harm Assessment'!$K$5:$K$11,MATCH($A7,'Risk & Harm Assessment'!$A$5:$A$11,0))="Yes",INDEX('Reference Lists'!$M$4:$M$16,9),""),IF(INDEX('Risk & Harm Assessment'!$L$5:$L$11,MATCH($A7,'Risk & Harm Assessment'!$A$5:$A$11,0))="Yes",INDEX('Reference Lists'!$M$4:$M$16,10),""),IF(INDEX('Risk & Harm Assessment'!$M$5:$M$11,MATCH($A7,'Risk & Harm Assessment'!$A$5:$A$11,0))="Yes",INDEX('Reference Lists'!$M$4:$M$16,11),""),IF(INDEX('Risk & Harm Assessment'!$N$5:$N$11,MATCH($A7,'Risk & Harm Assessment'!$A$5:$A$11,0))="Yes",INDEX('Reference Lists'!$M$4:$M$16,12),""),IF(INDEX('Risk & Harm Assessment'!$O$5:$O$11,MATCH($A7,'Risk & Harm Assessment'!$A$5:$A$11,0))="Yes",INDEX('Reference Lists'!$M$4:$M$16,13),"")) -> Data flow, classification, retention and deletion terms, Validation process, user guidance, review requirements, Contract terms, DPA, vendor documentation, Human oversight model, training, disclaimers, Bias assessment, human review, prohibited uses, ITDRA, SOC 2 or ISO evidence, subprocessor review, Architecture review, MFA, RBAC, logging, patching, Privacy review, DPA, retention controls, Legal and Compliance review, regulatory mapping
A8: =INDEX('AI Inventory'!$A$5:$A$11,5) -> AI-005 | B8: =INDEX('AI Inventory'!$C$5:$C$11,5) -> Levy AI | C8: =IFERROR(INDEX('AI Inventory'!$H$5:$H$11,MATCH(A8,'AI Inventory'!$A$5:$A$11,0)),"") -> High | D8: =INDEX('Reference Lists'!$B$4:$B$7,MAX(MATCH(C8,'Reference Lists'!$B$4:$B$7,0),MATCH( IF(INDEX('Risk & Harm Assessment'!$R$5:$R$11,MATCH($A8,'Risk & Harm Assessment'!$A$5:$A$11,0))="Yes","Critical", IF(AND(INDEX('Risk & Harm Assessment'!$H$5:$H$11,MATCH($A8,'Risk & Harm Assessment'!$A$5:$A$11,0))="Yes",ISNUMBER(SEARCH("Agentic",'AI Inventory'!F9))),"Critical", IF(AND(OR(INDEX('Risk & Harm Assessment'!$N$5:$N$11,MATCH($A8,'Risk & Harm Assessment'!$A$5:$A$11,0))="Yes",'AI Inventory'!N9="Yes"),'AI Inventory'!L9="Sensitive"),"Critical", IF(AND(OR(INDEX('Risk & Harm Assessment'!$N$5:$N$11,MATCH($A8,'Risk & Harm Assessment'!$A$5:$A$11,0))="Yes",'AI Inventory'!N9="Yes"),'AI Inventory'!L9="Confidential"),"High", IF(AND(ISNUMBER(SEARCH("Agentic",'AI Inventory'!F9)),INDEX('Risk & Harm Assessment'!$L$5:$L$11,MATCH($A8,'Risk & Harm Assessment'!$A$5:$A$11,0))="Yes"),"High", IF(AND(INDEX('Risk & Harm Assessment'!$K$5:$K$11,MATCH($A8,'Risk & Harm Assessment'!$A$5:$A$11,0))="Yes",'AI Inventory'!N9="Yes"),"High", IF(INDEX('Risk & Harm Assessment'!$I$5:$I$11,MATCH($A8,'Risk & Harm Assessment'!$A$5:$A$11,0))="Yes","High", IF(AND(ISNUMBER(SEARCH("Generative",'AI Inventory'!F9)),C8="Low"),"Moderate",C8) ))))))),'Reference Lists'!$B$4:$B$7,0))) -> Critical | E8: =IF(D8=C8,"Confirmed at "&C8,"Escalate: "&C8&" to "&D8) -> Escalate: High to Critical | F8: =INDEX('Reference Lists'!$B$4:$B$7,MAX(MATCH(D8,'Reference Lists'!$B$4:$B$7,0),MATCH(INDEX('Vendor & Security'!$E$4:$E$10,MATCH($A8,'Vendor & Security'!$A$4:$A$10,0)),'Reference Lists'!$B$4:$B$7,0),MATCH(INDEX('Data & Privacy'!$D$4:$D$10,MATCH($A8,'Data & Privacy'!$A$4:$A$10,0)),'Reference Lists'!$B$4:$B$7,0),MATCH(INDEX('Legal & Compliance'!$D$4:$D$10,MATCH($A8,'Legal & Compliance'!$A$4:$A$10,0)),'Reference Lists'!$B$4:$B$7,0))) -> Critical | G8: =TRIM(_xlfn.TEXTJOIN(", ",TRUE,IF(MATCH(D8,'Reference Lists'!$B$4:$B$7,0)=MAX(MATCH(D8,'Reference Lists'!$B$4:$B$7,0),MATCH(INDEX('Vendor & Security'!$E$4:$E$10,MATCH($A8,'Vendor & Security'!$A$4:$A$10,0)),'Reference Lists'!$B$4:$B$7,0),MATCH(INDEX('Data & Privacy'!$D$4:$D$10,MATCH($A8,'Data & Privacy'!$A$4:$A$10,0)),'Reference Lists'!$B$4:$B$7,0),MATCH(INDEX('Legal & Compliance'!$D$4:$D$10,MATCH($A8,'Legal & Compliance'!$A$4:$A$10,0)),'Reference Lists'!$B$4:$B$7,0)),"Validated Risk ("&D8&")",""),IF(MATCH(INDEX('Vendor & Security'!$E$4:$E$10,MATCH($A8,'Vendor & Security'!$A$4:$A$10,0)),'Reference Lists'!$B$4:$B$7,0)=MAX(MATCH(D8,'Reference Lists'!$B$4:$B$7,0),MATCH(INDEX('Vendor & Security'!$E$4:$E$10,MATCH($A8,'Vendor & Security'!$A$4:$A$10,0)),'Reference Lists'!$B$4:$B$7,0),MATCH(INDEX('Data & Privacy'!$D$4:$D$10,MATCH($A8,'Data & Privacy'!$A$4:$A$10,0)),'Reference Lists'!$B$4:$B$7,0),MATCH(INDEX('Legal & Compliance'!$D$4:$D$10,MATCH($A8,'Legal & Compliance'!$A$4:$A$10,0)),'Reference Lists'!$B$4:$B$7,0)),"Vendor ("&INDEX('Vendor & Security'!$E$4:$E$10,MATCH($A8,'Vendor & Security'!$A$4:$A$10,0))&")",""),IF(MATCH(INDEX('Data & Privacy'!$D$4:$D$10,MATCH($A8,'Data & Privacy'!$A$4:$A$10,0)),'Reference Lists'!$B$4:$B$7,0)=MAX(MATCH(D8,'Reference Lists'!$B$4:$B$7,0),MATCH(INDEX('Vendor & Security'!$E$4:$E$10,MATCH($A8,'Vendor & Security'!$A$4:$A$10,0)),'Reference Lists'!$B$4:$B$7,0),MATCH(INDEX('Data & Privacy'!$D$4:$D$10,MATCH($A8,'Data & Privacy'!$A$4:$A$10,0)),'Reference Lists'!$B$4:$B$7,0),MATCH(INDEX('Legal & Compliance'!$D$4:$D$10,MATCH($A8,'Legal & Compliance'!$A$4:$A$10,0)),'Reference Lists'!$B$4:$B$7,0)),"Privacy ("&INDEX('Data & Privacy'!$D$4:$D$10,MATCH($A8,'Data & Privacy'!$A$4:$A$10,0))&")",""),IF(MATCH(INDEX('Legal & Compliance'!$D$4:$D$10,MATCH($A8,'Legal & Compliance'!$A$4:$A$10,0)),'Reference Lists'!$B$4:$B$7,0)=MAX(MATCH(D8,'Reference Lists'!$B$4:$B$7,0),MATCH(INDEX('Vendor & Security'!$E$4:$E$10,MATCH($A8,'Vendor & Security'!$A$4:$A$10,0)),'Reference Lists'!$B$4:$B$7,0),MATCH(INDEX('Data & Privacy'!$D$4:$D$10,MATCH($A8,'Data & Privacy'!$A$4:$A$10,0)),'Reference Lists'!$B$4:$B$7,0),MATCH(INDEX('Legal & Compliance'!$D$4:$D$10,MATCH($A8,'Legal & Compliance'!$A$4:$A$10,0)),'Reference Lists'!$B$4:$B$7,0)),"Legal ("&INDEX('Legal & Compliance'!$D$4:$D$10,MATCH($A8,'Legal & Compliance'!$A$4:$A$10,0))&")",""))) -> Validated Risk (Critical), Privacy (Critical) | H8: Third-party and value chain risk | I8: Organizational harm | J8: Least privilege, action allow list, human approval gate for PO actions, vendor review, full logging | K8: Business Owner / Requestor | L8: =IF(OR(D8="High",D8="Critical"),"Yes","No") -> Yes | M8: =IF(OR(D8="High",D8="Critical"),"Yes","No") -> Yes | N8: =IFERROR(INDEX('AI Inventory'!$T$5:$T$11,MATCH(A8,'AI Inventory'!$A$5:$A$11,0)),"") -> P5 | O8: =IFERROR(INDEX('Risk & Harm Assessment'!$W$5:$W$11,MATCH(A8,'Risk & Harm Assessment'!$A$5:$A$11,0)),"") -> Data leakage and disclosure, Prompt injection and adversarial input, Hallucination and incorrect output, Unauthorized data retention, Model drift and degradation, Data poisoning, Overreliance and automation bias, Third-party and value chain risk, Information security risk, Privacy risk, Regulatory and legal risk | P8: =IFERROR(INDEX('Risk & Harm Assessment'!$X$5:$X$11,MATCH(A8,'Risk & Harm Assessment'!$A$5:$A$11,0)),"") -> 11 | Q8: =IFERROR(INDEX('Risk & Harm Assessment'!$Y$5:$Y$11,MATCH(A8,'Risk & Harm Assessment'!$A$5:$A$11,0)),"") -> Individual harm, Organizational harm, Regulatory harm, Confidentiality harm, Information integrity harm | R8: =IFERROR(INDEX('Risk & Harm Assessment'!$Z$5:$Z$11,MATCH(A8,'Risk & Harm Assessment'!$A$5:$A$11,0)),"") -> 5 | S8: =_xlfn.TEXTJOIN(", ",TRUE,IF(INDEX('Risk & Harm Assessment'!$C$5:$C$11,MATCH($A8,'Risk & Harm Assessment'!$A$5:$A$11,0))="Yes",INDEX('Reference Lists'!$M$4:$M$16,1),""),IF(INDEX('Risk & Harm Assessment'!$D$5:$D$11,MATCH($A8,'Risk & Harm Assessment'!$A$5:$A$11,0))="Yes",INDEX('Reference Lists'!$M$4:$M$16,2),""),IF(INDEX('Risk & Harm Assessment'!$E$5:$E$11,MATCH($A8,'Risk & Harm Assessment'!$A$5:$A$11,0))="Yes",INDEX('Reference Lists'!$M$4:$M$16,3),""),IF(INDEX('Risk & Harm Assessment'!$F$5:$F$11,MATCH($A8,'Risk & Harm Assessment'!$A$5:$A$11,0))="Yes",INDEX('Reference Lists'!$M$4:$M$16,4),""),IF(INDEX('Risk & Harm Assessment'!$G$5:$G$11,MATCH($A8,'Risk & Harm Assessment'!$A$5:$A$11,0))="Yes",INDEX('Reference Lists'!$M$4:$M$16,5),""),IF(INDEX('Risk & Harm Assessment'!$H$5:$H$11,MATCH($A8,'Risk & Harm Assessment'!$A$5:$A$11,0))="Yes",INDEX('Reference Lists'!$M$4:$M$16,6),""),IF(INDEX('Risk & Harm Assessment'!$I$5:$I$11,MATCH($A8,'Risk & Harm Assessment'!$A$5:$A$11,0))="Yes",INDEX('Reference Lists'!$M$4:$M$16,7),""),IF(INDEX('Risk & Harm Assessment'!$J$5:$J$11,MATCH($A8,'Risk & Harm Assessment'!$A$5:$A$11,0))="Yes",INDEX('Reference Lists'!$M$4:$M$16,8),""),IF(INDEX('Risk & Harm Assessment'!$K$5:$K$11,MATCH($A8,'Risk & Harm Assessment'!$A$5:$A$11,0))="Yes",INDEX('Reference Lists'!$M$4:$M$16,9),""),IF(INDEX('Risk & Harm Assessment'!$L$5:$L$11,MATCH($A8,'Risk & Harm Assessment'!$A$5:$A$11,0))="Yes",INDEX('Reference Lists'!$M$4:$M$16,10),""),IF(INDEX('Risk & Harm Assessment'!$M$5:$M$11,MATCH($A8,'Risk & Harm Assessment'!$A$5:$A$11,0))="Yes",INDEX('Reference Lists'!$M$4:$M$16,11),""),IF(INDEX('Risk & Harm Assessment'!$N$5:$N$11,MATCH($A8,'Risk & Harm Assessment'!$A$5:$A$11,0))="Yes",INDEX('Reference Lists'!$M$4:$M$16,12),""),IF(INDEX('Risk & Harm Assessment'!$O$5:$O$11,MATCH($A8,'Risk & Harm Assessment'!$A$5:$A$11,0))="Yes",INDEX('Reference Lists'!$M$4:$M$16,13),"")) -> Data flow, classification, retention and deletion terms, Guardrails, abuse testing, monitoring, Validation process, user guidance, review requirements, Contract terms, DPA, vendor documentation, Change notification, monitoring approach, review cadence, Source validation, access control, change control, Human oversight model, training, disclaimers, ITDRA, SOC 2 or ISO evidence, subprocessor review, Architecture review, MFA, RBAC, logging, patching, Privacy review, DPA, retention controls, Legal and Compliance review, regulatory mapping
A9: =INDEX('AI Inventory'!$A$5:$A$11,6) -> AI-006 | B9: =INDEX('AI Inventory'!$C$5:$C$11,6) -> Startreck.AI | C9: =IFERROR(INDEX('AI Inventory'!$H$5:$H$11,MATCH(A9,'AI Inventory'!$A$5:$A$11,0)),"") -> High | D9: =INDEX('Reference Lists'!$B$4:$B$7,MAX(MATCH(C9,'Reference Lists'!$B$4:$B$7,0),MATCH( IF(INDEX('Risk & Harm Assessment'!$R$5:$R$11,MATCH($A9,'Risk & Harm Assessment'!$A$5:$A$11,0))="Yes","Critical", IF(AND(INDEX('Risk & Harm Assessment'!$H$5:$H$11,MATCH($A9,'Risk & Harm Assessment'!$A$5:$A$11,0))="Yes",ISNUMBER(SEARCH("Agentic",'AI Inventory'!F10))),"Critical", IF(AND(OR(INDEX('Risk & Harm Assessment'!$N$5:$N$11,MATCH($A9,'Risk & Harm Assessment'!$A$5:$A$11,0))="Yes",'AI Inventory'!N10="Yes"),'AI Inventory'!L10="Sensitive"),"Critical", IF(AND(OR(INDEX('Risk & Harm Assessment'!$N$5:$N$11,MATCH($A9,'Risk & Harm Assessment'!$A$5:$A$11,0))="Yes",'AI Inventory'!N10="Yes"),'AI Inventory'!L10="Confidential"),"High", IF(AND(ISNUMBER(SEARCH("Agentic",'AI Inventory'!F10)),INDEX('Risk & Harm Assessment'!$L$5:$L$11,MATCH($A9,'Risk & Harm Assessment'!$A$5:$A$11,0))="Yes"),"High", IF(AND(INDEX('Risk & Harm Assessment'!$K$5:$K$11,MATCH($A9,'Risk & Harm Assessment'!$A$5:$A$11,0))="Yes",'AI Inventory'!N10="Yes"),"High", IF(INDEX('Risk & Harm Assessment'!$I$5:$I$11,MATCH($A9,'Risk & Harm Assessment'!$A$5:$A$11,0))="Yes","High", IF(AND(ISNUMBER(SEARCH("Generative",'AI Inventory'!F10)),C9="Low"),"Moderate",C9) ))))))),'Reference Lists'!$B$4:$B$7,0))) -> High | E9: =IF(D9=C9,"Confirmed at "&C9,"Escalate: "&C9&" to "&D9) -> Confirmed at High | F9: =INDEX('Reference Lists'!$B$4:$B$7,MAX(MATCH(D9,'Reference Lists'!$B$4:$B$7,0),MATCH(INDEX('Vendor & Security'!$E$4:$E$10,MATCH($A9,'Vendor & Security'!$A$4:$A$10,0)),'Reference Lists'!$B$4:$B$7,0),MATCH(INDEX('Data & Privacy'!$D$4:$D$10,MATCH($A9,'Data & Privacy'!$A$4:$A$10,0)),'Reference Lists'!$B$4:$B$7,0),MATCH(INDEX('Legal & Compliance'!$D$4:$D$10,MATCH($A9,'Legal & Compliance'!$A$4:$A$10,0)),'Reference Lists'!$B$4:$B$7,0))) -> Critical | G9: =TRIM(_xlfn.TEXTJOIN(", ",TRUE,IF(MATCH(D9,'Reference Lists'!$B$4:$B$7,0)=MAX(MATCH(D9,'Reference Lists'!$B$4:$B$7,0),MATCH(INDEX('Vendor & Security'!$E$4:$E$10,MATCH($A9,'Vendor & Security'!$A$4:$A$10,0)),'Reference Lists'!$B$4:$B$7,0),MATCH(INDEX('Data & Privacy'!$D$4:$D$10,MATCH($A9,'Data & Privacy'!$A$4:$A$10,0)),'Reference Lists'!$B$4:$B$7,0),MATCH(INDEX('Legal & Compliance'!$D$4:$D$10,MATCH($A9,'Legal & Compliance'!$A$4:$A$10,0)),'Reference Lists'!$B$4:$B$7,0)),"Validated Risk ("&D9&")",""),IF(MATCH(INDEX('Vendor & Security'!$E$4:$E$10,MATCH($A9,'Vendor & Security'!$A$4:$A$10,0)),'Reference Lists'!$B$4:$B$7,0)=MAX(MATCH(D9,'Reference Lists'!$B$4:$B$7,0),MATCH(INDEX('Vendor & Security'!$E$4:$E$10,MATCH($A9,'Vendor & Security'!$A$4:$A$10,0)),'Reference Lists'!$B$4:$B$7,0),MATCH(INDEX('Data & Privacy'!$D$4:$D$10,MATCH($A9,'Data & Privacy'!$A$4:$A$10,0)),'Reference Lists'!$B$4:$B$7,0),MATCH(INDEX('Legal & Compliance'!$D$4:$D$10,MATCH($A9,'Legal & Compliance'!$A$4:$A$10,0)),'Reference Lists'!$B$4:$B$7,0)),"Vendor ("&INDEX('Vendor & Security'!$E$4:$E$10,MATCH($A9,'Vendor & Security'!$A$4:$A$10,0))&")",""),IF(MATCH(INDEX('Data & Privacy'!$D$4:$D$10,MATCH($A9,'Data & Privacy'!$A$4:$A$10,0)),'Reference Lists'!$B$4:$B$7,0)=MAX(MATCH(D9,'Reference Lists'!$B$4:$B$7,0),MATCH(INDEX('Vendor & Security'!$E$4:$E$10,MATCH($A9,'Vendor & Security'!$A$4:$A$10,0)),'Reference Lists'!$B$4:$B$7,0),MATCH(INDEX('Data & Privacy'!$D$4:$D$10,MATCH($A9,'Data & Privacy'!$A$4:$A$10,0)),'Reference Lists'!$B$4:$B$7,0),MATCH(INDEX('Legal & Compliance'!$D$4:$D$10,MATCH($A9,'Legal & Compliance'!$A$4:$A$10,0)),'Reference Lists'!$B$4:$B$7,0)),"Privacy ("&INDEX('Data & Privacy'!$D$4:$D$10,MATCH($A9,'Data & Privacy'!$A$4:$A$10,0))&")",""),IF(MATCH(INDEX('Legal & Compliance'!$D$4:$D$10,MATCH($A9,'Legal & Compliance'!$A$4:$A$10,0)),'Reference Lists'!$B$4:$B$7,0)=MAX(MATCH(D9,'Reference Lists'!$B$4:$B$7,0),MATCH(INDEX('Vendor & Security'!$E$4:$E$10,MATCH($A9,'Vendor & Security'!$A$4:$A$10,0)),'Reference Lists'!$B$4:$B$7,0),MATCH(INDEX('Data & Privacy'!$D$4:$D$10,MATCH($A9,'Data & Privacy'!$A$4:$A$10,0)),'Reference Lists'!$B$4:$B$7,0),MATCH(INDEX('Legal & Compliance'!$D$4:$D$10,MATCH($A9,'Legal & Compliance'!$A$4:$A$10,0)),'Reference Lists'!$B$4:$B$7,0)),"Legal ("&INDEX('Legal & Compliance'!$D$4:$D$10,MATCH($A9,'Legal & Compliance'!$A$4:$A$10,0))&")",""))) -> Vendor (Critical), Legal (Critical) | H9: Regulatory and legal risk | I9: Regulatory harm | J9: Licensing and rights confirmation, AI-use disclosure for external channels, brand/legal review | K9: Business Owner / Requestor | L9: =IF(OR(D9="High",D9="Critical"),"Yes","No") -> Yes | M9: =IF(OR(D9="High",D9="Critical"),"Yes","No") -> Yes | N9: =IFERROR(INDEX('AI Inventory'!$T$5:$T$11,MATCH(A9,'AI Inventory'!$A$5:$A$11,0)),"") -> P19 | O9: =IFERROR(INDEX('Risk & Harm Assessment'!$W$5:$W$11,MATCH(A9,'Risk & Harm Assessment'!$A$5:$A$11,0)),"") -> Data leakage and disclosure, Hallucination and incorrect output, Unauthorized data retention, Overreliance and automation bias, Bias and harmful output, Third-party and value chain risk, Information security risk, Regulatory and legal risk | P9: =IFERROR(INDEX('Risk & Harm Assessment'!$X$5:$X$11,MATCH(A9,'Risk & Harm Assessment'!$A$5:$A$11,0)),"") -> 8 | Q9: =IFERROR(INDEX('Risk & Harm Assessment'!$Y$5:$Y$11,MATCH(A9,'Risk & Harm Assessment'!$A$5:$A$11,0)),"") -> Individual harm, Organizational harm, Regulatory harm, Confidentiality harm, Information integrity harm | R9: =IFERROR(INDEX('Risk & Harm Assessment'!$Z$5:$Z$11,MATCH(A9,'Risk & Harm Assessment'!$A$5:$A$11,0)),"") -> 5 | S9: =_xlfn.TEXTJOIN(", ",TRUE,IF(INDEX('Risk & Harm Assessment'!$C$5:$C$11,MATCH($A9,'Risk & Harm Assessment'!$A$5:$A$11,0))="Yes",INDEX('Reference Lists'!$M$4:$M$16,1),""),IF(INDEX('Risk & Harm Assessment'!$D$5:$D$11,MATCH($A9,'Risk & Harm Assessment'!$A$5:$A$11,0))="Yes",INDEX('Reference Lists'!$M$4:$M$16,2),""),IF(INDEX('Risk & Harm Assessment'!$E$5:$E$11,MATCH($A9,'Risk & Harm Assessment'!$A$5:$A$11,0))="Yes",INDEX('Reference Lists'!$M$4:$M$16,3),""),IF(INDEX('Risk & Harm Assessment'!$F$5:$F$11,MATCH($A9,'Risk & Harm Assessment'!$A$5:$A$11,0))="Yes",INDEX('Reference Lists'!$M$4:$M$16,4),""),IF(INDEX('Risk & Harm Assessment'!$G$5:$G$11,MATCH($A9,'Risk & Harm Assessment'!$A$5:$A$11,0))="Yes",INDEX('Reference Lists'!$M$4:$M$16,5),""),IF(INDEX('Risk & Harm Assessment'!$H$5:$H$11,MATCH($A9,'Risk & Harm Assessment'!$A$5:$A$11,0))="Yes",INDEX('Reference Lists'!$M$4:$M$16,6),""),IF(INDEX('Risk & Harm Assessment'!$I$5:$I$11,MATCH($A9,'Risk & Harm Assessment'!$A$5:$A$11,0))="Yes",INDEX('Reference Lists'!$M$4:$M$16,7),""),IF(INDEX('Risk & Harm Assessment'!$J$5:$J$11,MATCH($A9,'Risk & Harm Assessment'!$A$5:$A$11,0))="Yes",INDEX('Reference Lists'!$M$4:$M$16,8),""),IF(INDEX('Risk & Harm Assessment'!$K$5:$K$11,MATCH($A9,'Risk & Harm Assessment'!$A$5:$A$11,0))="Yes",INDEX('Reference Lists'!$M$4:$M$16,9),""),IF(INDEX('Risk & Harm Assessment'!$L$5:$L$11,MATCH($A9,'Risk & Harm Assessment'!$A$5:$A$11,0))="Yes",INDEX('Reference Lists'!$M$4:$M$16,10),""),IF(INDEX('Risk & Harm Assessment'!$M$5:$M$11,MATCH($A9,'Risk & Harm Assessment'!$A$5:$A$11,0))="Yes",INDEX('Reference Lists'!$M$4:$M$16,11),""),IF(INDEX('Risk & Harm Assessment'!$N$5:$N$11,MATCH($A9,'Risk & Harm Assessment'!$A$5:$A$11,0))="Yes",INDEX('Reference Lists'!$M$4:$M$16,12),""),IF(INDEX('Risk & Harm Assessment'!$O$5:$O$11,MATCH($A9,'Risk & Harm Assessment'!$A$5:$A$11,0))="Yes",INDEX('Reference Lists'!$M$4:$M$16,13),"")) -> Data flow, classification, retention and deletion terms, Validation process, user guidance, review requirements, Contract terms, DPA, vendor documentation, Human oversight model, training, disclaimers, Bias assessment, human review, prohibited uses, ITDRA, SOC 2 or ISO evidence, subprocessor review, Architecture review, MFA, RBAC, logging, patching, Legal and Compliance review, regulatory mapping
A10: =INDEX('AI Inventory'!$A$5:$A$11,7) -> AI-007 | B10: =INDEX('AI Inventory'!$C$5:$C$11,7) -> Potential Hazard Navigator | C10: =IFERROR(INDEX('AI Inventory'!$H$5:$H$11,MATCH(A10,'AI Inventory'!$A$5:$A$11,0)),"") -> High | D10: =INDEX('Reference Lists'!$B$4:$B$7,MAX(MATCH(C10,'Reference Lists'!$B$4:$B$7,0),MATCH( IF(INDEX('Risk & Harm Assessment'!$R$5:$R$11,MATCH($A10,'Risk & Harm Assessment'!$A$5:$A$11,0))="Yes","Critical", IF(AND(INDEX('Risk & Harm Assessment'!$H$5:$H$11,MATCH($A10,'Risk & Harm Assessment'!$A$5:$A$11,0))="Yes",ISNUMBER(SEARCH("Agentic",'AI Inventory'!F11))),"Critical", IF(AND(OR(INDEX('Risk & Harm Assessment'!$N$5:$N$11,MATCH($A10,'Risk & Harm Assessment'!$A$5:$A$11,0))="Yes",'AI Inventory'!N11="Yes"),'AI Inventory'!L11="Sensitive"),"Critical", IF(AND(OR(INDEX('Risk & Harm Assessment'!$N$5:$N$11,MATCH($A10,'Risk & Harm Assessment'!$A$5:$A$11,0))="Yes",'AI Inventory'!N11="Yes"),'AI Inventory'!L11="Confidential"),"High", IF(AND(ISNUMBER(SEARCH("Agentic",'AI Inventory'!F11)),INDEX('Risk & Harm Assessment'!$L$5:$L$11,MATCH($A10,'Risk & Harm Assessment'!$A$5:$A$11,0))="Yes"),"High", IF(AND(INDEX('Risk & Harm Assessment'!$K$5:$K$11,MATCH($A10,'Risk & Harm Assessment'!$A$5:$A$11,0))="Yes",'AI Inventory'!N11="Yes"),"High", IF(INDEX('Risk & Harm Assessment'!$I$5:$I$11,MATCH($A10,'Risk & Harm Assessment'!$A$5:$A$11,0))="Yes","High", IF(AND(ISNUMBER(SEARCH("Generative",'AI Inventory'!F11)),C10="Low"),"Moderate",C10) ))))))),'Reference Lists'!$B$4:$B$7,0))) -> Critical | E10: =IF(D10=C10,"Confirmed at "&C10,"Escalate: "&C10&" to "&D10) -> Escalate: High to Critical | F10: =INDEX('Reference Lists'!$B$4:$B$7,MAX(MATCH(D10,'Reference Lists'!$B$4:$B$7,0),MATCH(INDEX('Vendor & Security'!$E$4:$E$10,MATCH($A10,'Vendor & Security'!$A$4:$A$10,0)),'Reference Lists'!$B$4:$B$7,0),MATCH(INDEX('Data & Privacy'!$D$4:$D$10,MATCH($A10,'Data & Privacy'!$A$4:$A$10,0)),'Reference Lists'!$B$4:$B$7,0),MATCH(INDEX('Legal & Compliance'!$D$4:$D$10,MATCH($A10,'Legal & Compliance'!$A$4:$A$10,0)),'Reference Lists'!$B$4:$B$7,0))) -> Critical | G10: =TRIM(_xlfn.TEXTJOIN(", ",TRUE,IF(MATCH(D10,'Reference Lists'!$B$4:$B$7,0)=MAX(MATCH(D10,'Reference Lists'!$B$4:$B$7,0),MATCH(INDEX('Vendor & Security'!$E$4:$E$10,MATCH($A10,'Vendor & Security'!$A$4:$A$10,0)),'Reference Lists'!$B$4:$B$7,0),MATCH(INDEX('Data & Privacy'!$D$4:$D$10,MATCH($A10,'Data & Privacy'!$A$4:$A$10,0)),'Reference Lists'!$B$4:$B$7,0),MATCH(INDEX('Legal & Compliance'!$D$4:$D$10,MATCH($A10,'Legal & Compliance'!$A$4:$A$10,0)),'Reference Lists'!$B$4:$B$7,0)),"Validated Risk ("&D10&")",""),IF(MATCH(INDEX('Vendor & Security'!$E$4:$E$10,MATCH($A10,'Vendor & Security'!$A$4:$A$10,0)),'Reference Lists'!$B$4:$B$7,0)=MAX(MATCH(D10,'Reference Lists'!$B$4:$B$7,0),MATCH(INDEX('Vendor & Security'!$E$4:$E$10,MATCH($A10,'Vendor & Security'!$A$4:$A$10,0)),'Reference Lists'!$B$4:$B$7,0),MATCH(INDEX('Data & Privacy'!$D$4:$D$10,MATCH($A10,'Data & Privacy'!$A$4:$A$10,0)),'Reference Lists'!$B$4:$B$7,0),MATCH(INDEX('Legal & Compliance'!$D$4:$D$10,MATCH($A10,'Legal & Compliance'!$A$4:$A$10,0)),'Reference Lists'!$B$4:$B$7,0)),"Vendor ("&INDEX('Vendor & Security'!$E$4:$E$10,MATCH($A10,'Vendor & Security'!$A$4:$A$10,0))&")",""),IF(MATCH(INDEX('Data & Privacy'!$D$4:$D$10,MATCH($A10,'Data & Privacy'!$A$4:$A$10,0)),'Reference Lists'!$B$4:$B$7,0)=MAX(MATCH(D10,'Reference Lists'!$B$4:$B$7,0),MATCH(INDEX('Vendor & Security'!$E$4:$E$10,MATCH($A10,'Vendor & Security'!$A$4:$A$10,0)),'Reference Lists'!$B$4:$B$7,0),MATCH(INDEX('Data & Privacy'!$D$4:$D$10,MATCH($A10,'Data & Privacy'!$A$4:$A$10,0)),'Reference Lists'!$B$4:$B$7,0),MATCH(INDEX('Legal & Compliance'!$D$4:$D$10,MATCH($A10,'Legal & Compliance'!$A$4:$A$10,0)),'Reference Lists'!$B$4:$B$7,0)),"Privacy ("&INDEX('Data & Privacy'!$D$4:$D$10,MATCH($A10,'Data & Privacy'!$A$4:$A$10,0))&")",""),IF(MATCH(INDEX('Legal & Compliance'!$D$4:$D$10,MATCH($A10,'Legal & Compliance'!$A$4:$A$10,0)),'Reference Lists'!$B$4:$B$7,0)=MAX(MATCH(D10,'Reference Lists'!$B$4:$B$7,0),MATCH(INDEX('Vendor & Security'!$E$4:$E$10,MATCH($A10,'Vendor & Security'!$A$4:$A$10,0)),'Reference Lists'!$B$4:$B$7,0),MATCH(INDEX('Data & Privacy'!$D$4:$D$10,MATCH($A10,'Data & Privacy'!$A$4:$A$10,0)),'Reference Lists'!$B$4:$B$7,0),MATCH(INDEX('Legal & Compliance'!$D$4:$D$10,MATCH($A10,'Legal & Compliance'!$A$4:$A$10,0)),'Reference Lists'!$B$4:$B$7,0)),"Legal ("&INDEX('Legal & Compliance'!$D$4:$D$10,MATCH($A10,'Legal & Compliance'!$A$4:$A$10,0))&")",""))) -> Validated Risk (Critical) | H10: Third-party and value chain risk | I10: Safety harm | J10: Restrict to pilot/read-only scope, require engineering validation of outputs, vendor security program maturity review before any production use, no autonomous control-system actions | K10: Business Owner / Requestor | L10: =IF(OR(D10="High",D10="Critical"),"Yes","No") -> Yes | M10: =IF(OR(D10="High",D10="Critical"),"Yes","No") -> Yes | N10: =IFERROR(INDEX('AI Inventory'!$T$5:$T$11,MATCH(A10,'AI Inventory'!$A$5:$A$11,0)),"") -> P2 | O10: =IFERROR(INDEX('Risk & Harm Assessment'!$W$5:$W$11,MATCH(A10,'Risk & Harm Assessment'!$A$5:$A$11,0)),"") -> Data leakage and disclosure, Prompt injection and adversarial input, Hallucination and incorrect output, Unauthorized data retention, Model drift and degradation, Overreliance and automation bias, Third-party and value chain risk, Information security risk, Regulatory and legal risk | P10: =IFERROR(INDEX('Risk & Harm Assessment'!$X$5:$X$11,MATCH(A10,'Risk & Harm Assessment'!$A$5:$A$11,0)),"") -> 9 | Q10: =IFERROR(INDEX('Risk & Harm Assessment'!$Y$5:$Y$11,MATCH(A10,'Risk & Harm Assessment'!$A$5:$A$11,0)),"") -> Organizational harm, Safety harm, Regulatory harm, Confidentiality harm, Information integrity harm | R10: =IFERROR(INDEX('Risk & Harm Assessment'!$Z$5:$Z$11,MATCH(A10,'Risk & Harm Assessment'!$A$5:$A$11,0)),"") -> 5 | S10: =_xlfn.TEXTJOIN(", ",TRUE,IF(INDEX('Risk & Harm Assessment'!$C$5:$C$11,MATCH($A10,'Risk & Harm Assessment'!$A$5:$A$11,0))="Yes",INDEX('Reference Lists'!$M$4:$M$16,1),""),IF(INDEX('Risk & Harm Assessment'!$D$5:$D$11,MATCH($A10,'Risk & Harm Assessment'!$A$5:$A$11,0))="Yes",INDEX('Reference Lists'!$M$4:$M$16,2),""),IF(INDEX('Risk & Harm Assessment'!$E$5:$E$11,MATCH($A10,'Risk & Harm Assessment'!$A$5:$A$11,0))="Yes",INDEX('Reference Lists'!$M$4:$M$16,3),""),IF(INDEX('Risk & Harm Assessment'!$F$5:$F$11,MATCH($A10,'Risk & Harm Assessment'!$A$5:$A$11,0))="Yes",INDEX('Reference Lists'!$M$4:$M$16,4),""),IF(INDEX('Risk & Harm Assessment'!$G$5:$G$11,MATCH($A10,'Risk & Harm Assessment'!$A$5:$A$11,0))="Yes",INDEX('Reference Lists'!$M$4:$M$16,5),""),IF(INDEX('Risk & Harm Assessment'!$H$5:$H$11,MATCH($A10,'Risk & Harm Assessment'!$A$5:$A$11,0))="Yes",INDEX('Reference Lists'!$M$4:$M$16,6),""),IF(INDEX('Risk & Harm Assessment'!$I$5:$I$11,MATCH($A10,'Risk & Harm Assessment'!$A$5:$A$11,0))="Yes",INDEX('Reference Lists'!$M$4:$M$16,7),""),IF(INDEX('Risk & Harm Assessment'!$J$5:$J$11,MATCH($A10,'Risk & Harm Assessment'!$A$5:$A$11,0))="Yes",INDEX('Reference Lists'!$M$4:$M$16,8),""),IF(INDEX('Risk & Harm Assessment'!$K$5:$K$11,MATCH($A10,'Risk & Harm Assessment'!$A$5:$A$11,0))="Yes",INDEX('Reference Lists'!$M$4:$M$16,9),""),IF(INDEX('Risk & Harm Assessment'!$L$5:$L$11,MATCH($A10,'Risk & Harm Assessment'!$A$5:$A$11,0))="Yes",INDEX('Reference Lists'!$M$4:$M$16,10),""),IF(INDEX('Risk & Harm Assessment'!$M$5:$M$11,MATCH($A10,'Risk & Harm Assessment'!$A$5:$A$11,0))="Yes",INDEX('Reference Lists'!$M$4:$M$16,11),""),IF(INDEX('Risk & Harm Assessment'!$N$5:$N$11,MATCH($A10,'Risk & Harm Assessment'!$A$5:$A$11,0))="Yes",INDEX('Reference Lists'!$M$4:$M$16,12),""),IF(INDEX('Risk & Harm Assessment'!$O$5:$O$11,MATCH($A10,'Risk & Harm Assessment'!$A$5:$A$11,0))="Yes",INDEX('Reference Lists'!$M$4:$M$16,13),"")) -> Data flow, classification, retention and deletion terms, Guardrails, abuse testing, monitoring, Validation process, user guidance, review requirements, Contract terms, DPA, vendor documentation, Change notification, monitoring approach, review cadence, Human oversight model, training, disclaimers, ITDRA, SOC 2 or ISO evidence, subprocessor review, Architecture review, MFA, RBAC, logging, patching, Legal and Compliance review, regulatory mapping

Sheet Risk & Harm Assessment
A1: Risk & Harm Assessment - per AI System (Step 3)
A2: AI ID and Name auto-populate from the AI Inventory. Score each of the 13 risk categories and 6 harm types (Yes/No/N/A). Rollups feed the Risk Assessment sheet.
A3: Auto Updates - Do not edit this section
A4: AI ID | B4: AI System Name | C4: Data leakage and disclosure | D4: Prompt injection and adversarial input | E4: Hallucination and incorrect output | F4: Unauthorized data retention | G4: Model drift and degradation | H4: Data poisoning | I4: Model theft or extraction | J4: Overreliance and automation bias | K4: Bias and harmful output | L4: Third-party and value chain risk | M4: Information security risk | N4: Privacy risk | O4: Regulatory and legal risk | P4: Individual harm | Q4: Organizational harm | R4: Safety harm | S4: Regulatory harm | T4: Confidentiality harm | U4: Information integrity harm | V4: Notes | W4: Applicable Risk Categories | X4: Category Count | Y4: Applicable Harms | Z4: Harm Count
A5: =INDEX('AI Inventory'!$A$5:$A$11,1) -> AI-001 | B5: =INDEX('AI Inventory'!$C$5:$C$11,1) -> Copilot | C5: Yes | D5: Yes | E5: Yes | F5: Yes | G5: Yes | H5: No | I5: No | J5: Yes | K5: Yes | L5: Yes | M5: Yes | N5: Yes | O5: Yes | P5: Yes | Q5: Yes | R5: No | S5: Yes | T5: Yes | U5: Yes | V5: Broad enterprise use; PII and Confidential data in scope. | W5: =_xlfn.TEXTJOIN(", ",TRUE,IF(C5="Yes","Data leakage and disclosure",""),IF(D5="Yes","Prompt injection and adversarial input",""),IF(E5="Yes","Hallucination and incorrect output",""),IF(F5="Yes","Unauthorized data retention",""),IF(G5="Yes","Model drift and degradation",""),IF(H5="Yes","Data poisoning",""),IF(I5="Yes","Model theft or extraction",""),IF(J5="Yes","Overreliance and automation bias",""),IF(K5="Yes","Bias and harmful output",""),IF(L5="Yes","Third-party and value chain risk",""),IF(M5="Yes","Information security risk",""),IF(N5="Yes","Privacy risk",""),IF(O5="Yes","Regulatory and legal risk","")) -> Data leakage and disclosure, Prompt injection and adversarial input, Hallucination and incorrect output, Unauthorized data retention, Model drift and degradation, Overreliance and automation bias, Bias and harmful output, Third-party and value chain risk, Information security risk, Privacy risk, Regulatory and legal risk | X5: =COUNTIF(C5:O5,"Yes") -> 11 | Y5: =_xlfn.TEXTJOIN(", ",TRUE,IF(P5="Yes","Individual harm",""),IF(Q5="Yes","Organizational harm",""),IF(R5="Yes","Safety harm",""),IF(S5="Yes","Regulatory harm",""),IF(T5="Yes","Confidentiality harm",""),IF(U5="Yes","Information integrity harm","")) -> Individual harm, Organizational harm, Regulatory harm, Confidentiality harm, Information integrity harm | Z5: =COUNTIF(P5:U5,"Yes") -> 5
A6: =INDEX('AI Inventory'!$A$5:$A$11,2) -> AI-002 | B6: =INDEX('AI Inventory'!$C$5:$C$11,2) -> Claude AI | C6: Yes | D6: Yes | E6: Yes | F6: Yes | G6: Yes | H6: No | I6: No | J6: Yes | K6: Yes | L6: Yes | M6: Yes | N6: No | O6: No | P6: No | Q6: Yes | R6: No | S6: No | T6: Yes | U6: Yes | V6: PoC; code and documents; Internal data only. | W6: =_xlfn.TEXTJOIN(", ",TRUE,IF(C6="Yes","Data leakage and disclosure",""),IF(D6="Yes","Prompt injection and adversarial input",""),IF(E6="Yes","Hallucination and incorrect output",""),IF(F6="Yes","Unauthorized data retention",""),IF(G6="Yes","Model drift and degradation",""),IF(H6="Yes","Data poisoning",""),IF(I6="Yes","Model theft or extraction",""),IF(J6="Yes","Overreliance and automation bias",""),IF(K6="Yes","Bias and harmful output",""),IF(L6="Yes","Third-party and value chain risk",""),IF(M6="Yes","Information security risk",""),IF(N6="Yes","Privacy risk",""),IF(O6="Yes","Regulatory and legal risk","")) -> Data leakage and disclosure, Prompt injection and adversarial input, Hallucination and incorrect output, Unauthorized data retention, Model drift and degradation, Overreliance and automation bias, Bias and harmful output, Third-party and value chain risk, Information security risk | X6: =COUNTIF(C6:O6,"Yes") -> 9 | Y6: =_xlfn.TEXTJOIN(", ",TRUE,IF(P6="Yes","Individual harm",""),IF(Q6="Yes","Organizational harm",""),IF(R6="Yes","Safety harm",""),IF(S6="Yes","Regulatory harm",""),IF(T6="Yes","Confidentiality harm",""),IF(U6="Yes","Information integrity harm","")) -> Organizational harm, Confidentiality harm, Information integrity harm | Z6: =COUNTIF(P6:U6,"Yes") -> 3
A7: =INDEX('AI Inventory'!$A$5:$A$11,3) -> AI-003 | B7: =INDEX('AI Inventory'!$C$5:$C$11,3) -> JMP Learnbot | C7: Yes | D7: Yes | E7: Yes | F7: Yes | G7: Yes | H7: No | I7: No | J7: Yes | K7: No | L7: Yes | M7: Yes | N7: No | O7: No | P7: No | Q7: Yes | R7: No | S7: No | T7: Yes | U7: Yes | V7: Narrow navigation Q&A; Internal only. | W7: =_xlfn.TEXTJOIN(", ",TRUE,IF(C7="Yes","Data leakage and disclosure",""),IF(D7="Yes","Prompt injection and adversarial input",""),IF(E7="Yes","Hallucination and incorrect output",""),IF(F7="Yes","Unauthorized data retention",""),IF(G7="Yes","Model drift and degradation",""),IF(H7="Yes","Data poisoning",""),IF(I7="Yes","Model theft or extraction",""),IF(J7="Yes","Overreliance and automation bias",""),IF(K7="Yes","Bias and harmful output",""),IF(L7="Yes","Third-party and value chain risk",""),IF(M7="Yes","Information security risk",""),IF(N7="Yes","Privacy risk",""),IF(O7="Yes","Regulatory and legal risk","")) -> Data leakage and disclosure, Prompt injection and adversarial input, Hallucination and incorrect output, Unauthorized data retention, Model drift and degradation, Overreliance and automation bias, Third-party and value chain risk, Information security risk | X7: =COUNTIF(C7:O7,"Yes") -> 8 | Y7: =_xlfn.TEXTJOIN(", ",TRUE,IF(P7="Yes","Individual harm",""),IF(Q7="Yes","Organizational harm",""),IF(R7="Yes","Safety harm",""),IF(S7="Yes","Regulatory harm",""),IF(T7="Yes","Confidentiality harm",""),IF(U7="Yes","Information integrity harm","")) -> Organizational harm, Confidentiality harm, Information integrity harm | Z7: =COUNTIF(P7:U7,"Yes") -> 3
A8: =INDEX('AI Inventory'!$A$5:$A$11,4) -> AI-004 | B8: =INDEX('AI Inventory'!$C$5:$C$11,4) -> Synthesia | C8: Yes | D8: No | E8: Yes | F8: Yes | G8: No | H8: No | I8: No | J8: Yes | K8: Yes | L8: Yes | M8: Yes | N8: Yes | O8: Yes | P8: Yes | Q8: Yes | R8: No | S8: Yes | T8: Yes | U8: Yes | V8: Synthetic media; likeness/disclosure and IP/rights. | W8: =_xlfn.TEXTJOIN(", ",TRUE,IF(C8="Yes","Data leakage and disclosure",""),IF(D8="Yes","Prompt injection and adversarial input",""),IF(E8="Yes","Hallucination and incorrect output",""),IF(F8="Yes","Unauthorized data retention",""),IF(G8="Yes","Model drift and degradation",""),IF(H8="Yes","Data poisoning",""),IF(I8="Yes","Model theft or extraction",""),IF(J8="Yes","Overreliance and automation bias",""),IF(K8="Yes","Bias and harmful output",""),IF(L8="Yes","Third-party and value chain risk",""),IF(M8="Yes","Information security risk",""),IF(N8="Yes","Privacy risk",""),IF(O8="Yes","Regulatory and legal risk","")) -> Data leakage and disclosure, Hallucination and incorrect output, Unauthorized data retention, Overreliance and automation bias, Bias and harmful output, Third-party and value chain risk, Information security risk, Privacy risk, Regulatory and legal risk | X8: =COUNTIF(C8:O8,"Yes") -> 9 | Y8: =_xlfn.TEXTJOIN(", ",TRUE,IF(P8="Yes","Individual harm",""),IF(Q8="Yes","Organizational harm",""),IF(R8="Yes","Safety harm",""),IF(S8="Yes","Regulatory harm",""),IF(T8="Yes","Confidentiality harm",""),IF(U8="Yes","Information integrity harm","")) -> Individual harm, Organizational harm, Regulatory harm, Confidentiality harm, Information integrity harm | Z8: =COUNTIF(P8:U8,"Yes") -> 5
A9: =INDEX('AI Inventory'!$A$5:$A$11,5) -> AI-005 | B9: =INDEX('AI Inventory'!$C$5:$C$11,5) -> Levy AI | C9: Yes | D9: Yes | E9: Yes | F9: Yes | G9: Yes | H9: Yes | I9: No | J9: Yes | K9: No | L9: Yes | M9: Yes | N9: Yes | O9: Yes | P9: Yes | Q9: Yes | R9: No | S9: Yes | T9: Yes | U9: Yes | V9: Agentic PO workflow; customer/supplier + PO/financial data. | W9: =_xlfn.TEXTJOIN(", ",TRUE,IF(C9="Yes","Data leakage and disclosure",""),IF(D9="Yes","Prompt injection and adversarial input",""),IF(E9="Yes","Hallucination and incorrect output",""),IF(F9="Yes","Unauthorized data retention",""),IF(G9="Yes","Model drift and degradation",""),IF(H9="Yes","Data poisoning",""),IF(I9="Yes","Model theft or extraction",""),IF(J9="Yes","Overreliance and automation bias",""),IF(K9="Yes","Bias and harmful output",""),IF(L9="Yes","Third-party and value chain risk",""),IF(M9="Yes","Information security risk",""),IF(N9="Yes","Privacy risk",""),IF(O9="Yes","Regulatory and legal risk","")) -> Data leakage and disclosure, Prompt injection and adversarial input, Hallucination and incorrect output, Unauthorized data retention, Model drift and degradation, Data poisoning, Overreliance and automation bias, Third-party and value chain risk, Information security risk, Privacy risk, Regulatory and legal risk | X9: =COUNTIF(C9:O9,"Yes") -> 11 | Y9: =_xlfn.TEXTJOIN(", ",TRUE,IF(P9="Yes","Individual harm",""),IF(Q9="Yes","Organizational harm",""),IF(R9="Yes","Safety harm",""),IF(S9="Yes","Regulatory harm",""),IF(T9="Yes","Confidentiality harm",""),IF(U9="Yes","Information integrity harm","")) -> Individual harm, Organizational harm, Regulatory harm, Confidentiality harm, Information integrity harm | Z9: =COUNTIF(P9:U9,"Yes") -> 5
A10: =INDEX('AI Inventory'!$A$5:$A$11,6) -> AI-006 | B10: =INDEX('AI Inventory'!$C$5:$C$11,6) -> Startreck.AI | C10: Yes | D10: No | E10: Yes | F10: Yes | G10: No | H10: No | I10: No | J10: Yes | K10: Yes | L10: Yes | M10: Yes | N10: No | O10: Yes | P10: Yes | Q10: Yes | R10: No | S10: Yes | T10: Yes | U10: Yes | V10: Synthetic media for external channels; disclosure and rights. | W10: =_xlfn.TEXTJOIN(", ",TRUE,IF(C10="Yes","Data leakage and disclosure",""),IF(D10="Yes","Prompt injection and adversarial input",""),IF(E10="Yes","Hallucination and incorrect output",""),IF(F10="Yes","Unauthorized data retention",""),IF(G10="Yes","Model drift and degradation",""),IF(H10="Yes","Data poisoning",""),IF(I10="Yes","Model theft or extraction",""),IF(J10="Yes","Overreliance and automation bias",""),IF(K10="Yes","Bias and harmful output",""),IF(L10="Yes","Third-party and value chain risk",""),IF(M10="Yes","Information security risk",""),IF(N10="Yes","Privacy risk",""),IF(O10="Yes","Regulatory and legal risk","")) -> Data leakage and disclosure, Hallucination and incorrect output, Unauthorized data retention, Overreliance and automation bias, Bias and harmful output, Third-party and value chain risk, Information security risk, Regulatory and legal risk | X10: =COUNTIF(C10:O10,"Yes") -> 8 | Y10: =_xlfn.TEXTJOIN(", ",TRUE,IF(P10="Yes","Individual harm",""),IF(Q10="Yes","Organizational harm",""),IF(R10="Yes","Safety harm",""),IF(S10="Yes","Regulatory harm",""),IF(T10="Yes","Confidentiality harm",""),IF(U10="Yes","Information integrity harm","")) -> Individual harm, Organizational harm, Regulatory harm, Confidentiality harm, Information integrity harm | Z10: =COUNTIF(P10:U10,"Yes") -> 5
A11: =INDEX('AI Inventory'!$A$5:$A$11,7) -> AI-007 | B11: =INDEX('AI Inventory'!$C$5:$C$11,7) -> Potential Hazard Navigator | C11: Yes | D11: Yes | E11: Yes | F11: Yes | G11: Yes | H11: No | I11: No | J11: Yes | K11: No | L11: Yes | M11: Yes | N11: No | O11: Yes | P11: No | Q11: Yes | R11: Yes | S11: Yes | T11: Yes | U11: Yes | V11: Pilot EHS&S/process safety query tool; new vendor with an immature security program. | W11: =_xlfn.TEXTJOIN(", ",TRUE,IF(C11="Yes","Data leakage and disclosure",""),IF(D11="Yes","Prompt injection and adversarial input",""),IF(E11="Yes","Hallucination and incorrect output",""),IF(F11="Yes","Unauthorized data retention",""),IF(G11="Yes","Model drift and degradation",""),IF(H11="Yes","Data poisoning",""),IF(I11="Yes","Model theft or extraction",""),IF(J11="Yes","Overreliance and automation bias",""),IF(K11="Yes","Bias and harmful output",""),IF(L11="Yes","Third-party and value chain risk",""),IF(M11="Yes","Information security risk",""),IF(N11="Yes","Privacy risk",""),IF(O11="Yes","Regulatory and legal risk","")) -> Data leakage and disclosure, Prompt injection and adversarial input, Hallucination and incorrect output, Unauthorized data retention, Model drift and degradation, Overreliance and automation bias, Third-party and value chain risk, Information security risk, Regulatory and legal risk | X11: =COUNTIF(C11:O11,"Yes") -> 9 | Y11: =_xlfn.TEXTJOIN(", ",TRUE,IF(P11="Yes","Individual harm",""),IF(Q11="Yes","Organizational harm",""),IF(R11="Yes","Safety harm",""),IF(S11="Yes","Regulatory harm",""),IF(T11="Yes","Confidentiality harm",""),IF(U11="Yes","Information integrity harm","")) -> Organizational harm, Safety harm, Regulatory harm, Confidentiality harm, Information integrity harm | Z11: =COUNTIF(P11:U11,"Yes") -> 5

Sheet Data & Privacy
A1: Data & Privacy
A2: Auto Updates - Do not edit this section
A3: AI ID | B3: AI System Name | C3: Privacy Review | D3: Privacy Risk Rating | E3: Data Sources / Data Processed | F3: Data Classification | G3: Public | H3: Internal | I3: Confidential | J3: Sensitive | K3: PII Processed | L3: Employee Data | M3: Customer Data | N3: Financial Data | O3: Legal Data | P3: IP / Trade Secrets | Q3: Data Shared With Vendor | R3: Data Residency | S3: Retention Period | T3: Inputs Logged | U3: Outputs Logged | V3: DPA Executed
A4: =INDEX('AI Inventory'!$A$5:$A$11,1) -> AI-001 | B4: =INDEX('AI Inventory'!$C$5:$C$11,1) -> Copilot | C4: Not Started | D4: =IF(C4="Rejected","Critical", IF(OR(J4="Yes", AND(NOT(ISNUMBER(SEARCH("Yes",V4))),I4="Yes",ISNUMBER(SEARCH("Yes",Q4)),COUNTIF(K4:P4,"Yes")>=2)), "Critical", IF(AND(NOT(ISNUMBER(SEARCH("Yes",V4))),ISNUMBER(SEARCH("Yes",Q4)), OR(I4="Yes",COUNTIF(K4:P4,"Yes")>=2)), "High", IF(OR(AND(I4="Yes",ISNUMBER(SEARCH("Yes",V4))), AND(COUNTIF(K4:P4,"Yes")=1,ISNUMBER(SEARCH("Yes",Q4)),NOT(ISNUMBER(SEARCH("Yes",V4)))), AND(I4="Yes",NOT(ISNUMBER(SEARCH("Yes",Q4))))), "Moderate", IF(AND(COUNTIF(K4:P4,"Yes")=0,I4<>"Yes",H4<>"Yes", OR(G4="Yes",NOT(ISNUMBER(SEARCH("Yes",Q4))),ISNUMBER(SEARCH("Yes",V4)))), "Low", "Moderate"))))) -> Moderate | E4: Organization Confidential | F4: Confidential | G4: =IF(F4="Public","Yes","No") -> No | H4: =IF(OR(F4="Internal",F4="Confidential",F4="Sensitive"),"Yes","No") -> Yes | I4: =IF(OR(F4="Confidential",F4="Sensitive"),"Yes","No") -> Yes | J4: =IF(F4="Sensitive","Yes","No") -> No | K4: Yes | L4: Yes | M4: Yes | N4: Yes | O4: Yes | P4: Yes | Q4: Yes (Microsoft) | R4: US / tenant region | S4: Per M365 retention policy | T4: Yes | U4: Yes | V4: Yes (Microsoft DPA)
A5: =INDEX('AI Inventory'!$A$5:$A$11,2) -> AI-002 | B5: =INDEX('AI Inventory'!$C$5:$C$11,2) -> Claude AI | C5: Not Started | D5: =IF(C5="Rejected","Critical", IF(OR(J5="Yes", AND(NOT(ISNUMBER(SEARCH("Yes",V5))),I5="Yes",ISNUMBER(SEARCH("Yes",Q5)),COUNTIF(K5:P5,"Yes")>=2)), "Critical", IF(AND(NOT(ISNUMBER(SEARCH("Yes",V5))),ISNUMBER(SEARCH("Yes",Q5)), OR(I5="Yes",COUNTIF(K5:P5,"Yes")>=2)), "High", IF(OR(AND(I5="Yes",ISNUMBER(SEARCH("Yes",V5))), AND(COUNTIF(K5:P5,"Yes")=1,ISNUMBER(SEARCH("Yes",Q5)),NOT(ISNUMBER(SEARCH("Yes",V5)))), AND(I5="Yes",NOT(ISNUMBER(SEARCH("Yes",Q5))))), "Moderate", IF(AND(COUNTIF(K5:P5,"Yes")=0,I5<>"Yes",H5<>"Yes", OR(G5="Yes",NOT(ISNUMBER(SEARCH("Yes",Q5))),ISNUMBER(SEARCH("Yes",V5)))), "Low", "Moderate"))))) -> Moderate | E5: Custom made software code, uploaded documents, and data provided by user | F5: Internal | G5: =IF(F5="Public","Yes","No") -> No | H5: =IF(OR(F5="Internal",F5="Confidential",F5="Sensitive"),"Yes","No") -> Yes | I5: =IF(OR(F5="Confidential",F5="Sensitive"),"Yes","No") -> No | J5: =IF(F5="Sensitive","Yes","No") -> No | K5: No | L5: Yes | M5: Yes | N5: No | O5: No | P5: Possible (code) | Q5: Yes (Anthropic) | R5: US | S5: Per Anthropic terms; zero-retention if configured | T5: Yes | U5: Yes | V5: Yes (Anthropic DPA; verify)
A6: =INDEX('AI Inventory'!$A$5:$A$11,3) -> AI-003 | B6: =INDEX('AI Inventory'!$C$5:$C$11,3) -> JMP Learnbot | C6: Approved | D6: =IF(C6="Rejected","Critical", IF(OR(J6="Yes", AND(NOT(ISNUMBER(SEARCH("Yes",V6))),I6="Yes",ISNUMBER(SEARCH("Yes",Q6)),COUNTIF(K6:P6,"Yes")>=2)), "Critical", IF(AND(NOT(ISNUMBER(SEARCH("Yes",V6))),ISNUMBER(SEARCH("Yes",Q6)), OR(I6="Yes",COUNTIF(K6:P6,"Yes")>=2)), "High", IF(OR(AND(I6="Yes",ISNUMBER(SEARCH("Yes",V6))), AND(COUNTIF(K6:P6,"Yes")=1,ISNUMBER(SEARCH("Yes",Q6)),NOT(ISNUMBER(SEARCH("Yes",V6)))), AND(I6="Yes",NOT(ISNUMBER(SEARCH("Yes",Q6))))), "Moderate", IF(AND(COUNTIF(K6:P6,"Yes")=0,I6<>"Yes",H6<>"Yes", OR(G6="Yes",NOT(ISNUMBER(SEARCH("Yes",Q6))),ISNUMBER(SEARCH("Yes",V6)))), "Low", "Moderate"))))) -> Moderate | E6: Data and questions provided by the user specific to the navigation of the JMP Pro tool | F6: Internal | G6: =IF(F6="Public","Yes","No") -> No | H6: =IF(OR(F6="Internal",F6="Confidential",F6="Sensitive"),"Yes","No") -> Yes | I6: =IF(OR(F6="Confidential",F6="Sensitive"),"Yes","No") -> No | J6: =IF(F6="Sensitive","Yes","No") -> No | K6: No | L6: No | M6: No | N6: No | O6: No | P6: Possible (chemical context) | Q6: Yes (CustomGPT.ai) | R6: US | S6: Session-based | T6: Yes | U6: Yes | V6: To confirm with vendor
A7: =INDEX('AI Inventory'!$A$5:$A$11,4) -> AI-004 | B7: =INDEX('AI Inventory'!$C$5:$C$11,4) -> Synthesia | C7: Not Started | D7: =IF(C7="Rejected","Critical", IF(OR(J7="Yes", AND(NOT(ISNUMBER(SEARCH("Yes",V7))),I7="Yes",ISNUMBER(SEARCH("Yes",Q7)),COUNTIF(K7:P7,"Yes")>=2)), "Critical", IF(AND(NOT(ISNUMBER(SEARCH("Yes",V7))),ISNUMBER(SEARCH("Yes",Q7)), OR(I7="Yes",COUNTIF(K7:P7,"Yes")>=2)), "High", IF(OR(AND(I7="Yes",ISNUMBER(SEARCH("Yes",V7))), AND(COUNTIF(K7:P7,"Yes")=1,ISNUMBER(SEARCH("Yes",Q7)),NOT(ISNUMBER(SEARCH("Yes",V7)))), AND(I7="Yes",NOT(ISNUMBER(SEARCH("Yes",Q7))))), "Moderate", IF(AND(COUNTIF(K7:P7,"Yes")=0,I7<>"Yes",H7<>"Yes", OR(G7="Yes",NOT(ISNUMBER(SEARCH("Yes",Q7))),ISNUMBER(SEARCH("Yes",V7)))), "Low", "Moderate"))))) -> Moderate | E7: Scripts and source material provided by the user; synthetic stock avatars and voices; generated video | F7: Internal | G7: =IF(F7="Public","Yes","No") -> No | H7: =IF(OR(F7="Internal",F7="Confidential",F7="Sensitive"),"Yes","No") -> Yes | I7: =IF(OR(F7="Confidential",F7="Sensitive"),"Yes","No") -> No | J7: =IF(F7="Sensitive","Yes","No") -> No | K7: No | L7: No | M7: No | N7: No | O7: No | P7: Possible (scripts) | Q7: Yes (Synthesia) | R7: EU / US | S7: Per contract | T7: Yes | U7: Yes | V7: To confirm with vendor
A8: =INDEX('AI Inventory'!$A$5:$A$11,5) -> AI-005 | B8: =INDEX('AI Inventory'!$C$5:$C$11,5) -> Levy AI | C8: Not Started | D8: =IF(C8="Rejected","Critical", IF(OR(J8="Yes", AND(NOT(ISNUMBER(SEARCH("Yes",V8))),I8="Yes",ISNUMBER(SEARCH("Yes",Q8)),COUNTIF(K8:P8,"Yes")>=2)), "Critical", IF(AND(NOT(ISNUMBER(SEARCH("Yes",V8))),ISNUMBER(SEARCH("Yes",Q8)), OR(I8="Yes",COUNTIF(K8:P8,"Yes")>=2)), "High", IF(OR(AND(I8="Yes",ISNUMBER(SEARCH("Yes",V8))), AND(COUNTIF(K8:P8,"Yes")=1,ISNUMBER(SEARCH("Yes",Q8)),NOT(ISNUMBER(SEARCH("Yes",V8)))), AND(I8="Yes",NOT(ISNUMBER(SEARCH("Yes",Q8))))), "Moderate", IF(AND(COUNTIF(K8:P8,"Yes")=0,I8<>"Yes",H8<>"Yes", OR(G8="Yes",NOT(ISNUMBER(SEARCH("Yes",Q8))),ISNUMBER(SEARCH("Yes",V8)))), "Low", "Moderate"))))) -> Critical | E8: Purchase order data exchanged with customers and suppliers | F8: Confidential | G8: =IF(F8="Public","Yes","No") -> No | H8: =IF(OR(F8="Internal",F8="Confidential",F8="Sensitive"),"Yes","No") -> Yes | I8: =IF(OR(F8="Confidential",F8="Sensitive"),"Yes","No") -> Yes | J8: =IF(F8="Sensitive","Yes","No") -> No | K8: Yes | L8: No | M8: Yes | N8: Yes | O8: Possible | P8: No | Q8: Yes (Levy AI + suppliers) | R8: To confirm | S8: Per contract | T8: To confirm | U8: To confirm | V8: To confirm with vendor
A9: =INDEX('AI Inventory'!$A$5:$A$11,6) -> AI-006 | B9: =INDEX('AI Inventory'!$C$5:$C$11,6) -> Startreck.AI | C9: Not Started | D9: =IF(C9="Rejected","Critical", IF(OR(J9="Yes", AND(NOT(ISNUMBER(SEARCH("Yes",V9))),I9="Yes",ISNUMBER(SEARCH("Yes",Q9)),COUNTIF(K9:P9,"Yes")>=2)), "Critical", IF(AND(NOT(ISNUMBER(SEARCH("Yes",V9))),ISNUMBER(SEARCH("Yes",Q9)), OR(I9="Yes",COUNTIF(K9:P9,"Yes")>=2)), "High", IF(OR(AND(I9="Yes",ISNUMBER(SEARCH("Yes",V9))), AND(COUNTIF(K9:P9,"Yes")=1,ISNUMBER(SEARCH("Yes",Q9)),NOT(ISNUMBER(SEARCH("Yes",V9)))), AND(I9="Yes",NOT(ISNUMBER(SEARCH("Yes",Q9))))), "Moderate", IF(AND(COUNTIF(K9:P9,"Yes")=0,I9<>"Yes",H9<>"Yes", OR(G9="Yes",NOT(ISNUMBER(SEARCH("Yes",Q9))),ISNUMBER(SEARCH("Yes",V9)))), "Low", "Moderate"))))) -> Moderate | E9: Scripts, documents, and media provided by the user; generated video | F9: Internal | G9: =IF(F9="Public","Yes","No") -> No | H9: =IF(OR(F9="Internal",F9="Confidential",F9="Sensitive"),"Yes","No") -> Yes | I9: =IF(OR(F9="Confidential",F9="Sensitive"),"Yes","No") -> No | J9: =IF(F9="Sensitive","Yes","No") -> No | K9: No | L9: No | M9: No | N9: No | O9: No | P9: Possible (scripts/media) | Q9: Yes (Pictory) | R9: US | S9: Per contract | T9: Yes | U9: Yes | V9: To confirm with vendor
A10: =INDEX('AI Inventory'!$A$5:$A$11,7) -> AI-007 | B10: =INDEX('AI Inventory'!$C$5:$C$11,7) -> Potential Hazard Navigator | C10: Not Started | D10: =IF(C10="Rejected","Critical", IF(OR(J10="Yes", AND(NOT(ISNUMBER(SEARCH("Yes",V10))),I10="Yes",ISNUMBER(SEARCH("Yes",Q10)),COUNTIF(K10:P10,"Yes")>=2)), "Critical", IF(AND(NOT(ISNUMBER(SEARCH("Yes",V10))),ISNUMBER(SEARCH("Yes",Q10)), OR(I10="Yes",COUNTIF(K10:P10,"Yes")>=2)), "High", IF(OR(AND(I10="Yes",ISNUMBER(SEARCH("Yes",V10))), AND(COUNTIF(K10:P10,"Yes")=1,ISNUMBER(SEARCH("Yes",Q10)),NOT(ISNUMBER(SEARCH("Yes",V10)))), AND(I10="Yes",NOT(ISNUMBER(SEARCH("Yes",Q10))))), "Moderate", IF(AND(COUNTIF(K10:P10,"Yes")=0,I10<>"Yes",H10<>"Yes", OR(G10="Yes",NOT(ISNUMBER(SEARCH("Yes",Q10))),ISNUMBER(SEARCH("Yes",V10)))), "Low", "Moderate"))))) -> Moderate | E10: System diagrams, operational procedures, and EHS&S/process safety data provided by the user | F10: Internal | G10: =IF(F10="Public","Yes","No") -> No | H10: =IF(OR(F10="Internal",F10="Confidential",F10="Sensitive"),"Yes","No") -> Yes | I10: =IF(OR(F10="Confidential",F10="Sensitive"),"Yes","No") -> No | J10: =IF(F10="Sensitive","Yes","No") -> No | K10: No | L10: No | M10: No | N10: No | O10: No | P10: Possible (engineering documentation) | Q10: Yes (SAMPLE AI) | R10: To confirm | S10: To confirm | T10: To confirm | U10: To confirm | V10: No
D11: =IF(C11="Rejected","Critical", IF(OR(J11="Yes", AND(NOT(ISNUMBER(SEARCH("Yes",V11))),I11="Yes",ISNUMBER(SEARCH("Yes",Q11)),COUNTIF(K11:P11,"Yes")>=2)), "Critical", IF(AND(NOT(ISNUMBER(SEARCH("Yes",V11))),ISNUMBER(SEARCH("Yes",Q11)), OR(I11="Yes",COUNTIF(K11:P11,"Yes")>=2)), "High", IF(OR(AND(I11="Yes",ISNUMBER(SEARCH("Yes",V11))), AND(COUNTIF(K11:P11,"Yes")=1,ISNUMBER(SEARCH("Yes",Q11)),NOT(ISNUMBER(SEARCH("Yes",V11)))), AND(I11="Yes",NOT(ISNUMBER(SEARCH("Yes",Q11))))), "Moderate", IF(AND(COUNTIF(K11:P11,"Yes")=0,I11<>"Yes",H11<>"Yes", OR(G11="Yes",NOT(ISNUMBER(SEARCH("Yes",Q11))),ISNUMBER(SEARCH("Yes",V11)))), "Low", "Moderate"))))) -> Low
D12: =IF(C12="Rejected","Critical", IF(OR(J12="Yes", AND(NOT(ISNUMBER(SEARCH("Yes",V12))),I12="Yes",ISNUMBER(SEARCH("Yes",Q12)),COUNTIF(K12:P12,"Yes")>=2)), "Critical", IF(AND(NOT(ISNUMBER(SEARCH("Yes",V12))),ISNUMBER(SEARCH("Yes",Q12)), OR(I12="Yes",COUNTIF(K12:P12,"Yes")>=2)), "High", IF(OR(AND(I12="Yes",ISNUMBER(SEARCH("Yes",V12))), AND(COUNTIF(K12:P12,"Yes")=1,ISNUMBER(SEARCH("Yes",Q12)),NOT(ISNUMBER(SEARCH("Yes",V12)))), AND(I12="Yes",NOT(ISNUMBER(SEARCH("Yes",Q12))))), "Moderate", IF(AND(COUNTIF(K12:P12,"Yes")=0,I12<>"Yes",H12<>"Yes", OR(G12="Yes",NOT(ISNUMBER(SEARCH("Yes",Q12))),ISNUMBER(SEARCH("Yes",V12)))), "Low", "Moderate"))))) -> Low
D13: =IF(C13="Rejected","Critical", IF(OR(J13="Yes", AND(NOT(ISNUMBER(SEARCH("Yes",V13))),I13="Yes",ISNUMBER(SEARCH("Yes",Q13)),COUNTIF(K13:P13,"Yes")>=2)), "Critical", IF(AND(NOT(ISNUMBER(SEARCH("Yes",V13))),ISNUMBER(SEARCH("Yes",Q13)), OR(I13="Yes",COUNTIF(K13:P13,"Yes")>=2)), "High", IF(OR(AND(I13="Yes",ISNUMBER(SEARCH("Yes",V13))), AND(COUNTIF(K13:P13,"Yes")=1,ISNUMBER(SEARCH("Yes",Q13)),NOT(ISNUMBER(SEARCH("Yes",V13)))), AND(I13="Yes",NOT(ISNUMBER(SEARCH("Yes",Q13))))), "Moderate", IF(AND(COUNTIF(K13:P13,"Yes")=0,I13<>"Yes",H13<>"Yes", OR(G13="Yes",NOT(ISNUMBER(SEARCH("Yes",Q13))),ISNUMBER(SEARCH("Yes",V13)))), "Low", "Moderate"))))) -> Low
D14: =IF(C14="Rejected","Critical", IF(OR(J14="Yes", AND(NOT(ISNUMBER(SEARCH("Yes",V14))),I14="Yes",ISNUMBER(SEARCH("Yes",Q14)),COUNTIF(K14:P14,"Yes")>=2)), "Critical", IF(AND(NOT(ISNUMBER(SEARCH("Yes",V14))),ISNUMBER(SEARCH("Yes",Q14)), OR(I14="Yes",COUNTIF(K14:P14,"Yes")>=2)), "High", IF(OR(AND(I14="Yes",ISNUMBER(SEARCH("Yes",V14))), AND(COUNTIF(K14:P14,"Yes")=1,ISNUMBER(SEARCH("Yes",Q14)),NOT(ISNUMBER(SEARCH("Yes",V14)))), AND(I14="Yes",NOT(ISNUMBER(SEARCH("Yes",Q14))))), "Moderate", IF(AND(COUNTIF(K14:P14,"Yes")=0,I14<>"Yes",H14<>"Yes", OR(G14="Yes",NOT(ISNUMBER(SEARCH("Yes",Q14))),ISNUMBER(SEARCH("Yes",V14)))), "Low", "Moderate"))))) -> Low
D15: =IF(C15="Rejected","Critical", IF(OR(J15="Yes", AND(NOT(ISNUMBER(SEARCH("Yes",V15))),I15="Yes",ISNUMBER(SEARCH("Yes",Q15)),COUNTIF(K15:P15,"Yes")>=2)), "Critical", IF(AND(NOT(ISNUMBER(SEARCH("Yes",V15))),ISNUMBER(SEARCH("Yes",Q15)), OR(I15="Yes",COUNTIF(K15:P15,"Yes")>=2)), "High", IF(OR(AND(I15="Yes",ISNUMBER(SEARCH("Yes",V15))), AND(COUNTIF(K15:P15,"Yes")=1,ISNUMBER(SEARCH("Yes",Q15)),NOT(ISNUMBER(SEARCH("Yes",V15)))), AND(I15="Yes",NOT(ISNUMBER(SEARCH("Yes",Q15))))), "Moderate", IF(AND(COUNTIF(K15:P15,"Yes")=0,I15<>"Yes",H15<>"Yes", OR(G15="Yes",NOT(ISNUMBER(SEARCH("Yes",Q15))),ISNUMBER(SEARCH("Yes",V15)))), "Low", "Moderate"))))) -> Low
D16: =IF(C16="Rejected","Critical", IF(OR(J16="Yes", AND(NOT(ISNUMBER(SEARCH("Yes",V16))),I16="Yes",ISNUMBER(SEARCH("Yes",Q16)),COUNTIF(K16:P16,"Yes")>=2)), "Critical", IF(AND(NOT(ISNUMBER(SEARCH("Yes",V16))),ISNUMBER(SEARCH("Yes",Q16)), OR(I16="Yes",COUNTIF(K16:P16,"Yes")>=2)), "High", IF(OR(AND(I16="Yes",ISNUMBER(SEARCH("Yes",V16))), AND(COUNTIF(K16:P16,"Yes")=1,ISNUMBER(SEARCH("Yes",Q16)),NOT(ISNUMBER(SEARCH("Yes",V16)))), AND(I16="Yes",NOT(ISNUMBER(SEARCH("Yes",Q16))))), "Moderate", IF(AND(COUNTIF(K16:P16,"Yes")=0,I16<>"Yes",H16<>"Yes", OR(G16="Yes",NOT(ISNUMBER(SEARCH("Yes",Q16))),ISNUMBER(SEARCH("Yes",V16)))), "Low", "Moderate"))))) -> Low
D17: =IF(C17="Rejected","Critical", IF(OR(J17="Yes", AND(NOT(ISNUMBER(SEARCH("Yes",V17))),I17="Yes",ISNUMBER(SEARCH("Yes",Q17)),COUNTIF(K17:P17,"Yes")>=2)), "Critical", IF(AND(NOT(ISNUMBER(SEARCH("Yes",V17))),ISNUMBER(SEARCH("Yes",Q17)), OR(I17="Yes",COUNTIF(K17:P17,"Yes")>=2)), "High", IF(OR(AND(I17="Yes",ISNUMBER(SEARCH("Yes",V17))), AND(COUNTIF(K17:P17,"Yes")=1,ISNUMBER(SEARCH("Yes",Q17)),NOT(ISNUMBER(SEARCH("Yes",V17)))), AND(I17="Yes",NOT(ISNUMBER(SEARCH("Yes",Q17))))), "Moderate", IF(AND(COUNTIF(K17:P17,"Yes")=0,I17<>"Yes",H17<>"Yes", OR(G17="Yes",NOT(ISNUMBER(SEARCH("Yes",Q17))),ISNUMBER(SEARCH("Yes",V17)))), "Low", "Moderate"))))) -> Low
D18: =IF(C18="Rejected","Critical", IF(OR(J18="Yes", AND(NOT(ISNUMBER(SEARCH("Yes",V18))),I18="Yes",ISNUMBER(SEARCH("Yes",Q18)),COUNTIF(K18:P18,"Yes")>=2)), "Critical", IF(AND(NOT(ISNUMBER(SEARCH("Yes",V18))),ISNUMBER(SEARCH("Yes",Q18)), OR(I18="Yes",COUNTIF(K18:P18,"Yes")>=2)), "High", IF(OR(AND(I18="Yes",ISNUMBER(SEARCH("Yes",V18))), AND(COUNTIF(K18:P18,"Yes")=1,ISNUMBER(SEARCH("Yes",Q18)),NOT(ISNUMBER(SEARCH("Yes",V18)))), AND(I18="Yes",NOT(ISNUMBER(SEARCH("Yes",Q18))))), "Moderate", IF(AND(COUNTIF(K18:P18,"Yes")=0,I18<>"Yes",H18<>"Yes", OR(G18="Yes",NOT(ISNUMBER(SEARCH("Yes",Q18))),ISNUMBER(SEARCH("Yes",V18)))), "Low", "Moderate"))))) -> Low
D19: =IF(C19="Rejected","Critical", IF(OR(J19="Yes", AND(NOT(ISNUMBER(SEARCH("Yes",V19))),I19="Yes",ISNUMBER(SEARCH("Yes",Q19)), COUNTIF(K19:P19,"Yes")>=2)), "Critical", IF(AND(NOT(ISNUMBER(SEARCH("Yes",V19))),ISNUMBER(SEARCH("Yes",Q19)), OR(I19="Yes",COUNTIF(K19:P19,"Yes")>=2)), "High", IF(OR(AND(I19="Yes",ISNUMBER(SEARCH("Yes",V19))), AND(COUNTIF(K19:P19,"Yes")=1,ISNUMBER(SEARCH("Yes",Q19)),NOT(ISNUMBER(SEARCH("Yes",V19)))), AND(I19="Yes",NOT(ISNUMBER(SEARCH("Yes",Q19))))), "Moderate", IF(AND(COUNTIF(K19:P19,"Yes")=0,I19<>"Yes", OR(G19="Yes",NOT(ISNUMBER(SEARCH("Yes",Q19))),ISNUMBER(SEARCH("Yes",V19)))), "Low", "Moderate"))))) -> Low
D20: =IF(C20="Rejected","Critical", IF(OR(J20="Yes", AND(NOT(ISNUMBER(SEARCH("Yes",V20))),I20="Yes",ISNUMBER(SEARCH("Yes",Q20)), COUNTIF(K20:P20,"Yes")>=2)), "Critical", IF(AND(NOT(ISNUMBER(SEARCH("Yes",V20))),ISNUMBER(SEARCH("Yes",Q20)), OR(I20="Yes",COUNTIF(K20:P20,"Yes")>=2)), "High", IF(OR(AND(I20="Yes",ISNUMBER(SEARCH("Yes",V20))), AND(COUNTIF(K20:P20,"Yes")=1,ISNUMBER(SEARCH("Yes",Q20)),NOT(ISNUMBER(SEARCH("Yes",V20)))), AND(I20="Yes",NOT(ISNUMBER(SEARCH("Yes",Q20))))), "Moderate", IF(AND(COUNTIF(K20:P20,"Yes")=0,I20<>"Yes", OR(G20="Yes",NOT(ISNUMBER(SEARCH("Yes",Q20))),ISNUMBER(SEARCH("Yes",V20)))), "Low", "Moderate"))))) -> Low
D21: =IF(C21="Rejected","Critical", IF(OR(J21="Yes", AND(NOT(ISNUMBER(SEARCH("Yes",V21))),I21="Yes",ISNUMBER(SEARCH("Yes",Q21)), COUNTIF(K21:P21,"Yes")>=2)), "Critical", IF(AND(NOT(ISNUMBER(SEARCH("Yes",V21))),ISNUMBER(SEARCH("Yes",Q21)), OR(I21="Yes",COUNTIF(K21:P21,"Yes")>=2)), "High", IF(OR(AND(I21="Yes",ISNUMBER(SEARCH("Yes",V21))), AND(COUNTIF(K21:P21,"Yes")=1,ISNUMBER(SEARCH("Yes",Q21)),NOT(ISNUMBER(SEARCH("Yes",V21)))), AND(I21="Yes",NOT(ISNUMBER(SEARCH("Yes",Q21))))), "Moderate", IF(AND(COUNTIF(K21:P21,"Yes")=0,I21<>"Yes", OR(G21="Yes",NOT(ISNUMBER(SEARCH("Yes",Q21))),ISNUMBER(SEARCH("Yes",V21)))), "Low", "Moderate"))))) -> Low
D22: =IF(C22="Rejected","Critical", IF(OR(J22="Yes", AND(NOT(ISNUMBER(SEARCH("Yes",V22))),I22="Yes",ISNUMBER(SEARCH("Yes",Q22)), COUNTIF(K22:P22,"Yes")>=2)), "Critical", IF(AND(NOT(ISNUMBER(SEARCH("Yes",V22))),ISNUMBER(SEARCH("Yes",Q22)), OR(I22="Yes",COUNTIF(K22:P22,"Yes")>=2)), "High", IF(OR(AND(I22="Yes",ISNUMBER(SEARCH("Yes",V22))), AND(COUNTIF(K22:P22,"Yes")=1,ISNUMBER(SEARCH("Yes",Q22)),NOT(ISNUMBER(SEARCH("Yes",V22)))), AND(I22="Yes",NOT(ISNUMBER(SEARCH("Yes",Q22))))), "Moderate", IF(AND(COUNTIF(K22:P22,"Yes")=0,I22<>"Yes", OR(G22="Yes",NOT(ISNUMBER(SEARCH("Yes",Q22))),ISNUMBER(SEARCH("Yes",V22)))), "Low", "Moderate"))))) -> Low
D23: =IF(C23="Rejected","Critical", IF(OR(J23="Yes", AND(NOT(ISNUMBER(SEARCH("Yes",V23))),I23="Yes",ISNUMBER(SEARCH("Yes",Q23)), COUNTIF(K23:P23,"Yes")>=2)), "Critical", IF(AND(NOT(ISNUMBER(SEARCH("Yes",V23))),ISNUMBER(SEARCH("Yes",Q23)), OR(I23="Yes",COUNTIF(K23:P23,"Yes")>=2)), "High", IF(OR(AND(I23="Yes",ISNUMBER(SEARCH("Yes",V23))), AND(COUNTIF(K23:P23,"Yes")=1,ISNUMBER(SEARCH("Yes",Q23)),NOT(ISNUMBER(SEARCH("Yes",V23)))), AND(I23="Yes",NOT(ISNUMBER(SEARCH("Yes",Q23))))), "Moderate", IF(AND(COUNTIF(K23:P23,"Yes")=0,I23<>"Yes", OR(G23="Yes",NOT(ISNUMBER(SEARCH("Yes",Q23))),ISNUMBER(SEARCH("Yes",V23)))), "Low", "Moderate"))))) -> Low
D24: =IF(C24="Rejected","Critical", IF(OR(J24="Yes", AND(NOT(ISNUMBER(SEARCH("Yes",V24))),I24="Yes",ISNUMBER(SEARCH("Yes",Q24)), COUNTIF(K24:P24,"Yes")>=2)), "Critical", IF(AND(NOT(ISNUMBER(SEARCH("Yes",V24))),ISNUMBER(SEARCH("Yes",Q24)), OR(I24="Yes",COUNTIF(K24:P24,"Yes")>=2)), "High", IF(OR(AND(I24="Yes",ISNUMBER(SEARCH("Yes",V24))), AND(COUNTIF(K24:P24,"Yes")=1,ISNUMBER(SEARCH("Yes",Q24)),NOT(ISNUMBER(SEARCH("Yes",V24)))), AND(I24="Yes",NOT(ISNUMBER(SEARCH("Yes",Q24))))), "Moderate", IF(AND(COUNTIF(K24:P24,"Yes")=0,I24<>"Yes", OR(G24="Yes",NOT(ISNUMBER(SEARCH("Yes",Q24))),ISNUMBER(SEARCH("Yes",V24)))), "Low", "Moderate"))))) -> Low
D25: =IF(C25="Rejected","Critical", IF(OR(J25="Yes", AND(NOT(ISNUMBER(SEARCH("Yes",V25))),I25="Yes",ISNUMBER(SEARCH("Yes",Q25)), COUNTIF(K25:P25,"Yes")>=2)), "Critical", IF(AND(NOT(ISNUMBER(SEARCH("Yes",V25))),ISNUMBER(SEARCH("Yes",Q25)), OR(I25="Yes",COUNTIF(K25:P25,"Yes")>=2)), "High", IF(OR(AND(I25="Yes",ISNUMBER(SEARCH("Yes",V25))), AND(COUNTIF(K25:P25,"Yes")=1,ISNUMBER(SEARCH("Yes",Q25)),NOT(ISNUMBER(SEARCH("Yes",V25)))), AND(I25="Yes",NOT(ISNUMBER(SEARCH("Yes",Q25))))), "Moderate", IF(AND(COUNTIF(K25:P25,"Yes")=0,I25<>"Yes", OR(G25="Yes",NOT(ISNUMBER(SEARCH("Yes",Q25))),ISNUMBER(SEARCH("Yes",V25)))), "Low", "Moderate"))))) -> Low
D26: =IF(C26="Rejected","Critical", IF(OR(J26="Yes", AND(NOT(ISNUMBER(SEARCH("Yes",V26))),I26="Yes",ISNUMBER(SEARCH("Yes",Q26)), COUNTIF(K26:P26,"Yes")>=2)), "Critical", IF(AND(NOT(ISNUMBER(SEARCH("Yes",V26))),ISNUMBER(SEARCH("Yes",Q26)), OR(I26="Yes",COUNTIF(K26:P26,"Yes")>=2)), "High", IF(OR(AND(I26="Yes",ISNUMBER(SEARCH("Yes",V26))), AND(COUNTIF(K26:P26,"Yes")=1,ISNUMBER(SEARCH("Yes",Q26)),NOT(ISNUMBER(SEARCH("Yes",V26)))), AND(I26="Yes",NOT(ISNUMBER(SEARCH("Yes",Q26))))), "Moderate", IF(AND(COUNTIF(K26:P26,"Yes")=0,I26<>"Yes", OR(G26="Yes",NOT(ISNUMBER(SEARCH("Yes",Q26))),ISNUMBER(SEARCH("Yes",V26)))), "Low", "Moderate"))))) -> Low
D27: =IF(C27="Rejected","Critical", IF(OR(J27="Yes", AND(NOT(ISNUMBER(SEARCH("Yes",V27))),I27="Yes",ISNUMBER(SEARCH("Yes",Q27)), COUNTIF(K27:P27,"Yes")>=2)), "Critical", IF(AND(NOT(ISNUMBER(SEARCH("Yes",V27))),ISNUMBER(SEARCH("Yes",Q27)), OR(I27="Yes",COUNTIF(K27:P27,"Yes")>=2)), "High", IF(OR(AND(I27="Yes",ISNUMBER(SEARCH("Yes",V27))), AND(COUNTIF(K27:P27,"Yes")=1,ISNUMBER(SEARCH("Yes",Q27)),NOT(ISNUMBER(SEARCH("Yes",V27)))), AND(I27="Yes",NOT(ISNUMBER(SEARCH("Yes",Q27))))), "Moderate", IF(AND(COUNTIF(K27:P27,"Yes")=0,I27<>"Yes", OR(G27="Yes",NOT(ISNUMBER(SEARCH("Yes",Q27))),ISNUMBER(SEARCH("Yes",V27)))), "Low", "Moderate"))))) -> Low
D28: =IF(C28="Rejected","Critical", IF(OR(J28="Yes", AND(NOT(ISNUMBER(SEARCH("Yes",V28))),I28="Yes",ISNUMBER(SEARCH("Yes",Q28)), COUNTIF(K28:P28,"Yes")>=2)), "Critical", IF(AND(NOT(ISNUMBER(SEARCH("Yes",V28))),ISNUMBER(SEARCH("Yes",Q28)), OR(I28="Yes",COUNTIF(K28:P28,"Yes")>=2)), "High", IF(OR(AND(I28="Yes",ISNUMBER(SEARCH("Yes",V28))), AND(COUNTIF(K28:P28,"Yes")=1,ISNUMBER(SEARCH("Yes",Q28)),NOT(ISNUMBER(SEARCH("Yes",V28)))), AND(I28="Yes",NOT(ISNUMBER(SEARCH("Yes",Q28))))), "Moderate", IF(AND(COUNTIF(K28:P28,"Yes")=0,I28<>"Yes", OR(G28="Yes",NOT(ISNUMBER(SEARCH("Yes",Q28))),ISNUMBER(SEARCH("Yes",V28)))), "Low", "Moderate"))))) -> Low
D29: =IF(C29="Rejected","Critical", IF(OR(J29="Yes", AND(NOT(ISNUMBER(SEARCH("Yes",V29))),I29="Yes",ISNUMBER(SEARCH("Yes",Q29)), COUNTIF(K29:P29,"Yes")>=2)), "Critical", IF(AND(NOT(ISNUMBER(SEARCH("Yes",V29))),ISNUMBER(SEARCH("Yes",Q29)), OR(I29="Yes",COUNTIF(K29:P29,"Yes")>=2)), "High", IF(OR(AND(I29="Yes",ISNUMBER(SEARCH("Yes",V29))), AND(COUNTIF(K29:P29,"Yes")=1,ISNUMBER(SEARCH("Yes",Q29)),NOT(ISNUMBER(SEARCH("Yes",V29)))), AND(I29="Yes",NOT(ISNUMBER(SEARCH("Yes",Q29))))), "Moderate", IF(AND(COUNTIF(K29:P29,"Yes")=0,I29<>"Yes", OR(G29="Yes",NOT(ISNUMBER(SEARCH("Yes",Q29))),ISNUMBER(SEARCH("Yes",V29)))), "Low", "Moderate"))))) -> Low
D30: =IF(C30="Rejected","Critical", IF(OR(J30="Yes", AND(NOT(ISNUMBER(SEARCH("Yes",V30))),I30="Yes",ISNUMBER(SEARCH("Yes",Q30)), COUNTIF(K30:P30,"Yes")>=2)), "Critical", IF(AND(NOT(ISNUMBER(SEARCH("Yes",V30))),ISNUMBER(SEARCH("Yes",Q30)), OR(I30="Yes",COUNTIF(K30:P30,"Yes")>=2)), "High", IF(OR(AND(I30="Yes",ISNUMBER(SEARCH("Yes",V30))), AND(COUNTIF(K30:P30,"Yes")=1,ISNUMBER(SEARCH("Yes",Q30)),NOT(ISNUMBER(SEARCH("Yes",V30)))), AND(I30="Yes",NOT(ISNUMBER(SEARCH("Yes",Q30))))), "Moderate", IF(AND(COUNTIF(K30:P30,"Yes")=0,I30<>"Yes", OR(G30="Yes",NOT(ISNUMBER(SEARCH("Yes",Q30))),ISNUMBER(SEARCH("Yes",V30)))), "Low", "Moderate"))))) -> Low
... D200: =IF(C200="Rejected","Critical", IF(OR(J200="Yes", AND(NOT(ISNUMBER(SEARCH("Yes",V200))),I200="Yes",ISNUMBER(SEARCH("Yes",Q200)), COUNTIF(K200:P200,"Yes")>=2)), "Critical", IF(AND(NOT(ISNUMBER(SEARCH("Yes",V200))),ISNUMBER(SEARCH("Yes",Q200)), OR(I200="Yes",COUNTIF(K200:P200,"Yes")>=2)), "High", IF(OR(AND(I200="Yes",ISNUMBER(SEARCH("Yes",V200))), AND(COUNTIF(K200:P200,"Yes")=1,ISNUMBER(SEARCH("Yes",Q200)),NOT(ISNUMBER(SEARCH("Yes",V200)))), AND(I200="Yes",NOT(ISNUMBER(SEARCH("Yes",Q200))))), "Moderate", IF(AND(COUNTIF(K200:P200,"Yes")=0,I200<>"Yes", OR(G200="Yes",NOT(ISNUMBER(SEARCH("Yes",Q200))),ISNUMBER(SEARCH("Yes",V200)))), "Low", "Moderate"))))) -> Low

Sheet Vendor & Security
A1: Vendor & Security Review
A2: Privacy Review, Legal Review, and DPA Executed are owned by Data & Privacy and Legal & Compliance respectively. This sheet is scoped to security posture and control evidence only.
A3: AI ID | B3: Vendor | C3: AI System Name | D3: Security Review | E3: Vendor Risk Rating | F3: SOC 2 Available | G3: ISO 27001 Available | H3: Pen Test Available | I3: MFA Supported | J3: RBAC Supported | K3: Encryption At Rest | L3: Encryption In Transit | M3: Audit Logging | N3: SIEM Integration | O3: Prompt Injection Testing | P3: Notes
A4: ='AI Inventory'!A5 -> AI-001 | B4: ='AI Inventory'!B5 -> Microsoft | C4: ='AI Inventory'!C5 -> Copilot | D4: Approved | E4: =IF(D4="Rejected","Critical", IF(NOT(OR(D4="Approved",D4="Approved with Conditions")),"Moderate", IF(COUNTIF(F4:O4,"Yes*")/COUNTA(F4:O4)>=0.8,"Low", IF(COUNTIF(F4:O4,"Yes*")/COUNTA(F4:O4)>=0.5,"Moderate","High")))) -> Low | F4: Yes (published; verify) | G4: Yes (ISO 27001; verify) | H4: Yes (vendor SDL; verify) | I4: Yes (SSO) | J4: Yes | K4: Yes | L4: Yes | M4: Yes (Purview) | N4: Yes (Defender/Sentinel) | O4: Vendor-managed (verify) | P4: Security evidence to be attached or linked in governance records; verify current vendor reports.
A5: ='AI Inventory'!A6 -> AI-002 | B5: ='AI Inventory'!B6 -> Anthropic | C5: ='AI Inventory'!C6 -> Claude AI | D5: Approved | E5: =IF(D5="Rejected","Critical", IF(NOT(OR(D5="Approved",D5="Approved with Conditions")),"Moderate", IF(COUNTIF(F5:O5,"Yes*")/COUNTA(F5:O5)>=0.8,"Low", IF(COUNTIF(F5:O5,"Yes*")/COUNTA(F5:O5)>=0.5,"Moderate","High")))) -> Moderate | F5: No | G5: Yes (ISO 27001; verify) | H5: Yes (vendor SDL; verify) | I5: Yes (SSO) | J5: Yes (enterprise) | K5: Yes | L5: Yes | M5: Yes (enterprise/API logs) | N5: Via API logs (to integrate) | O5: Vendor-managed (verify) | P5: Security evidence to be attached or linked in governance records; verify current vendor reports.
A6: ='AI Inventory'!A7 -> AI-003 | B6: ='AI Inventory'!B7 -> SomeGPT.ai | C6: ='AI Inventory'!C7 -> JMP Learnbot | D6: Approved | E6: =IF(D6="Rejected","Critical", IF(NOT(OR(D6="Approved",D6="Approved with Conditions")),"Moderate", IF(COUNTIF(F6:O6,"Yes*")/COUNTA(F6:O6)>=0.8,"Low", IF(COUNTIF(F6:O6,"Yes*")/COUNTA(F6:O6)>=0.5,"Moderate","High")))) -> Moderate | F6: No | G6: No | H6: Yes (analyzed) | I6: Yes (SSO) | J6: Yes (enterprise) | K6: Yes | L6: Yes | M6: No | N6: No | O6: To confirm with vendor | P6: Security evidence to be attached or linked in governance records; verify current vendor reports.
A7: ='AI Inventory'!A8 -> AI-004 | B7: ='AI Inventory'!B8 -> Synthesia | C7: ='AI Inventory'!C8 -> Synthesia | D7: Approved | E7: =IF(D7="Rejected","Critical", IF(NOT(OR(D7="Approved",D7="Approved with Conditions")),"Moderate", IF(COUNTIF(F7:O7,"Yes*")/COUNTA(F7:O7)>=0.8,"Low", IF(COUNTIF(F7:O7,"Yes*")/COUNTA(F7:O7)>=0.5,"Moderate","High")))) -> Low | F7: Yes (analyzed) | G7: Yes (ISO 27001 and others) | H7: Yes (analyzed) | I7: Yes (SSO) | J7: Yes (enterprise) | K7: Yes | L7: Yes | M7: Yes (Admin Settings) | N7: No | O7: N/A (media generation) | P7: Security evidence to be attached or linked in governance records; verify current vendor reports.
A8: ='AI Inventory'!A9 -> AI-005 | B8: ='AI Inventory'!B9 -> Levy AI | C8: ='AI Inventory'!C9 -> Levy AI | D8: Not Started | E8: =IF(D8="Rejected","Critical", IF(NOT(OR(D8="Approved",D8="Approved with Conditions")),"Moderate", IF(COUNTIF(F8:O8,"Yes*")/COUNTA(F8:O8)>=0.8,"Low", IF(COUNTIF(F8:O8,"Yes*")/COUNTA(F8:O8)>=0.5,"Moderate","High")))) -> Moderate | F8: To confirm with vendor | G8: To confirm with vendor | H8: To confirm with vendor | I8: To confirm with vendor | J8: To confirm with vendor | K8: To confirm with vendor | L8: To confirm with vendor | M8: To confirm with vendor | N8: No | O8: To confirm (agentic actions) | P8: Security evidence to be attached or linked in governance records; verify current vendor reports.
A9: ='AI Inventory'!A10 -> AI-006 | B9: ='AI Inventory'!B10 -> Startreck.AI | C9: ='AI Inventory'!C10 -> Startreck.AI | D9: Rejected | E9: =IF(D9="Rejected","Critical", IF(NOT(OR(D9="Approved",D9="Approved with Conditions")),"Moderate", IF(COUNTIF(F9:O9,"Yes*")/COUNTA(F9:O9)>=0.8,"Low", IF(COUNTIF(F9:O9,"Yes*")/COUNTA(F9:O9)>=0.5,"Moderate","High")))) -> Critical | F9: To confirm with vendor | G9: To confirm with vendor | H9: To confirm with vendor | I9: To confirm with vendor | J9: To confirm with vendor | K9: To confirm with vendor | L9: To confirm with vendor | M9: To confirm with vendor | N9: No | O9: N/A (media generation) | P9: Security evidence to be attached or linked in governance records; verify current vendor reports.
A10: ='AI Inventory'!A11 -> AI-007 | B10: ='AI Inventory'!B11 -> SAMPLE AI | C10: ='AI Inventory'!C11 -> Potential Hazard Navigator | D10: Approved | E10: =IF(D10="Rejected","Critical", IF(NOT(OR(D10="Approved",D10="Approved with Conditions")),"Moderate", IF(COUNTIF(F10:O10,"Yes*")/COUNTA(F10:O10)>=0.8,"Low", IF(COUNTIF(F10:O10,"Yes*")/COUNTA(F10:O10)>=0.5,"Moderate","High")))) -> High | F10: No | G10: No | H10: No | I10: No | J10: No | K10: Yes | L10: Yes | M10: Yes | N10: No | O10: To confirm (agentic actions) | P10: New organization with a recently released security program handled by staff with multiple hats. Immature program with light controls.
E11: =IF(D11="Rejected","Critical", IF(NOT(OR(D11="Approved",D11="Approved with Conditions")),"Moderate", IF(COUNTIF(F11:O11,"Yes*")/COUNTA(F11:O11)>=0.8,"Low", IF(COUNTIF(F11:O11,"Yes*")/COUNTA(F11:O11)>=0.5,"Moderate","High")))) -> Moderate
E12: =IF(D12="Rejected","Critical", IF(NOT(OR(D12="Approved",D12="Approved with Conditions")),"Moderate", IF(COUNTIF(F12:O12,"Yes*")/COUNTA(F12:O12)>=0.8,"Low", IF(COUNTIF(F12:O12,"Yes*")/COUNTA(F12:O12)>=0.5,"Moderate","High")))) -> Moderate
E13: =IF(D13="Rejected","Critical", IF(NOT(OR(D13="Approved",D13="Approved with Conditions")),"Moderate", IF(COUNTIF(F13:O13,"Yes*")/COUNTA(F13:O13)>=0.8,"Low", IF(COUNTIF(F13:O13,"Yes*")/COUNTA(F13:O13)>=0.5,"Moderate","High")))) -> Moderate
E14: =IF(D14="Rejected","Critical", IF(NOT(OR(D14="Approved",D14="Approved with Conditions")),"Moderate", IF(COUNTIF(F14:O14,"Yes*")/COUNTA(F14:O14)>=0.8,"Low", IF(COUNTIF(F14:O14,"Yes*")/COUNTA(F14:O14)>=0.5,"Moderate","High")))) -> Moderate
E15: =IF(D15="Rejected","Critical", IF(NOT(OR(D15="Approved",D15="Approved with Conditions")),"Moderate", IF(COUNTIF(F15:O15,"Yes*")/COUNTA(F15:O15)>=0.8,"Low", IF(COUNTIF(F15:O15,"Yes*")/COUNTA(F15:O15)>=0.5,"Moderate","High")))) -> Moderate
E16: =IF(D16="Rejected","Critical", IF(NOT(OR(D16="Approved",D16="Approved with Conditions")),"Moderate", IF(COUNTIF(F16:O16,"Yes*")/COUNTA(F16:O16)>=0.8,"Low", IF(COUNTIF(F16:O16,"Yes*")/COUNTA(F16:O16)>=0.5,"Moderate","High")))) -> Moderate
E17: =IF(D17="Rejected","Critical", IF(NOT(OR(D17="Approved",D17="Approved with Conditions")),"Moderate", IF(COUNTIF(F17:O17,"Yes*")/COUNTA(F17:O17)>=0.8,"Low", IF(COUNTIF(F17:O17,"Yes*")/COUNTA(F17:O17)>=0.5,"Moderate","High")))) -> Moderate
E18: =IF(D18="Rejected","Critical", IF(NOT(OR(D18="Approved",D18="Approved with Conditions")),"Moderate", IF(COUNTIF(F18:O18,"Yes*")/COUNTA(F18:O18)>=0.8,"Low", IF(COUNTIF(F18:O18,"Yes*")/COUNTA(F18:O18)>=0.5,"Moderate","High")))) -> Moderate
E19: =IF(D19="Rejected","Critical", IF(NOT(OR(D19="Approved",D19="Approved with Conditions")),"Moderate", IF(COUNTIF(F19:O19,"Yes*")/COUNTA(F19:O19)>=0.8,"Low", IF(COUNTIF(F19:O19,"Yes*")/COUNTA(F19:O19)>=0.5,"Moderate","High")))) -> Moderate
E20: =IF(D20="Rejected","Critical", IF(NOT(OR(D20="Approved",D20="Approved with Conditions")),"Moderate", IF(COUNTIF(F20:O20,"Yes*")/COUNTA(F20:O20)>=0.8,"Low", IF(COUNTIF(F20:O20,"Yes*")/COUNTA(F20:O20)>=0.5,"Moderate","High")))) -> Moderate
E21: =IF(D21="Rejected","Critical", IF(NOT(OR(D21="Approved",D21="Approved with Conditions")),"Moderate", IF(COUNTIF(F21:O21,"Yes*")/COUNTA(F21:O21)>=0.8,"Low", IF(COUNTIF(F21:O21,"Yes*")/COUNTA(F21:O21)>=0.5,"Moderate","High")))) -> Moderate
E22: =IF(D22="Rejected","Critical", IF(NOT(OR(D22="Approved",D22="Approved with Conditions")),"Moderate", IF(COUNTIF(F22:O22,"Yes*")/COUNTA(F22:O22)>=0.8,"Low", IF(COUNTIF(F22:O22,"Yes*")/COUNTA(F22:O22)>=0.5,"Moderate","High")))) -> Moderate
... E200: =IF(D200="Rejected","Critical", IF(NOT(OR(D200="Approved",D200="Approved with Conditions")),"Moderate", IF(COUNTIF(F200:O200,"Yes*")/COUNTA(F200:O200)>=0.8,"Low", IF(COUNTIF(F200:O200,"Yes*")/COUNTA(F200:O200)>=0.5,"Moderate","High")))) -> Moderate

Sheet Legal & Compliance
A1: Legal & Compliance - AI Governance Review (Step 3 / NIST AI RMF Govern)
A2: Legal Review tracks the overall legal sign-off. The questions below are AI-specific governance checks aligned to NIST AI RMF (Govern/Map/Measure/Manage) covering IP, training data rights, liability, audit rights, data-use restriction, and exit rights.
A3: AI ID | B3: AI System Name | C3: Legal Review | D3: Legal Risk Rating | E3: IP Ownership of AI Output Clarified | F3: Training Data Rights Confirmed | G3: Liability for AI Errors/Hallucination Addressed | H3: Right to Audit AI Decisions | I3: Data Use for Model Training Restricted | J3: Termination/Data Deletion Rights on Exit | K3: Regulatory Exposure (GDPR/NIS2/sector-specific) | L3: Notes
A4: ='AI Inventory'!A5 -> AI-001 | B4: ='AI Inventory'!C5 -> Copilot | C4: In Progress | D4: =IF(C4="Rejected","Critical", IF(AND(E4="No",I4="No"),"Critical", IF(J4="No","Critical", IF(OR( C4="Not Started", I4="No", COUNTIF(E4:G4,"No")>=1 ),"High", IF(H4="No","Moderate", IF(OR(J4="To Confirm", I4="To Confirm"),"Moderate", IF(COUNTIF(E4:J4,"To Confirm")=1,"Low", IF(AND(COUNTIF(E4:J4,"Yes")=COUNTA(E4:J4)-COUNTIF(E4:J4,"N/A"),COUNTA(E4:J4)-COUNTIF(E4:J4,"N/A")>0),"Low", IF(COUNTA(E4:J4)-COUNTIF(E4:J4,"N/A")=0,"Low", IF(COUNTIF(E4:J4,"Yes")/(COUNTA(E4:J4)-COUNTIF(E4:J4,"N/A"))>=0.5,"Moderate", "High")))))))))) -> Moderate | E4: Yes | F4: Yes | G4: Yes | H4: No | I4: Yes | J4: Yes
A5: ='AI Inventory'!A6 -> AI-002 | B5: ='AI Inventory'!C6 -> Claude AI | C5: Not Started | D5: =IF(C5="Rejected","Critical", IF(AND(E5="No",I5="No"),"Critical", IF(J5="No","Critical", IF(OR( C5="Not Started", I5="No", COUNTIF(E5:G5,"No")>=1 ),"High", IF(H5="No","Moderate", IF(OR(J5="To Confirm", I5="To Confirm"),"Moderate", IF(COUNTIF(E5:J5,"To Confirm")=1,"Low", IF(AND(COUNTIF(E5:J5,"Yes")=COUNTA(E5:J5)-COUNTIF(E5:J5,"N/A"),COUNTA(E5:J5)-COUNTIF(E5:J5,"N/A")>0),"Low", IF(COUNTA(E5:J5)-COUNTIF(E5:J5,"N/A")=0,"Low", IF(COUNTIF(E5:J5,"Yes")/(COUNTA(E5:J5)-COUNTIF(E5:J5,"N/A"))>=0.5,"Moderate", "High")))))))))) -> High | E5: To confirm | F5: To confirm | G5: To confirm | H5: To confirm | I5: To confirm | J5: To confirm
A6: ='AI Inventory'!A7 -> AI-003 | B6: ='AI Inventory'!C7 -> JMP Learnbot | C6: Approved | D6: =IF(C6="Rejected","Critical", IF(AND(E6="No",I6="No"),"Critical", IF(J6="No","Critical", IF(OR( C6="Not Started", I6="No", COUNTIF(E6:G6,"No")>=1 ),"High", IF(H6="No","Moderate", IF(OR(J6="To Confirm", I6="To Confirm"),"Moderate", IF(COUNTIF(E6:J6,"To Confirm")=1,"Low", IF(AND(COUNTIF(E6:J6,"Yes")=COUNTA(E6:J6)-COUNTIF(E6:J6,"N/A"),COUNTA(E6:J6)-COUNTIF(E6:J6,"N/A")>0),"Low", IF(COUNTA(E6:J6)-COUNTIF(E6:J6,"N/A")=0,"Low", IF(COUNTIF(E6:J6,"Yes")/(COUNTA(E6:J6)-COUNTIF(E6:J6,"N/A"))>=0.5,"Moderate", "High")))))))))) -> Moderate | E6: To confirm | F6: To confirm | G6: To confirm | H6: To confirm | I6: To confirm | J6: To confirm
A7: ='AI Inventory'!A8 -> AI-004 | B7: ='AI Inventory'!C8 -> Synthesia | C7: Approved | D7: =IF(C7="Rejected","Critical", IF(AND(E7="No",I7="No"),"Critical", IF(J7="No","Critical", IF(OR( C7="Not Started", I7="No", COUNTIF(E7:G7,"No")>=1 ),"High", IF(H7="No","Moderate", IF(OR(J7="To Confirm", I7="To Confirm"),"Moderate", IF(COUNTIF(E7:J7,"To Confirm")=1,"Low", IF(AND(COUNTIF(E7:J7,"Yes")=COUNTA(E7:J7)-COUNTIF(E7:J7,"N/A"),COUNTA(E7:J7)-COUNTIF(E7:J7,"N/A")>0),"Low", IF(COUNTA(E7:J7)-COUNTIF(E7:J7,"N/A")=0,"Low", IF(COUNTIF(E7:J7,"Yes")/(COUNTA(E7:J7)-COUNTIF(E7:J7,"N/A"))>=0.5,"Moderate", "High")))))))))) -> Moderate | E7: To confirm | F7: To confirm | G7: To confirm | H7: To confirm | I7: To confirm | J7: To confirm
A8: ='AI Inventory'!A9 -> AI-005 | B8: ='AI Inventory'!C9 -> Levy AI | C8: Not Started | D8: =IF(C8="Rejected","Critical", IF(AND(E8="No",I8="No"),"Critical", IF(J8="No","Critical", IF(OR( C8="Not Started", I8="No", COUNTIF(E8:G8,"No")>=1 ),"High", IF(H8="No","Moderate", IF(OR(J8="To Confirm", I8="To Confirm"),"Moderate", IF(COUNTIF(E8:J8,"To Confirm")=1,"Low", IF(AND(COUNTIF(E8:J8,"Yes")=COUNTA(E8:J8)-COUNTIF(E8:J8,"N/A"),COUNTA(E8:J8)-COUNTIF(E8:J8,"N/A")>0),"Low", IF(COUNTA(E8:J8)-COUNTIF(E8:J8,"N/A")=0,"Low", IF(COUNTIF(E8:J8,"Yes")/(COUNTA(E8:J8)-COUNTIF(E8:J8,"N/A"))>=0.5,"Moderate", "High")))))))))) -> High | E8: To confirm | F8: To confirm | G8: To confirm | H8: To confirm | I8: To confirm | J8: To confirm
A9: ='AI Inventory'!A10 -> AI-006 | B9: ='AI Inventory'!C10 -> Startreck.AI | C9: Rejected | D9: =IF(C9="Rejected","Critical", IF(AND(E9="No",I9="No"),"Critical", IF(J9="No","Critical", IF(OR( C9="Not Started", I9="No", COUNTIF(E9:G9,"No")>=1 ),"High", IF(H9="No","Moderate", IF(OR(J9="To Confirm", I9="To Confirm"),"Moderate", IF(COUNTIF(E9:J9,"To Confirm")=1,"Low", IF(AND(COUNTIF(E9:J9,"Yes")=COUNTA(E9:J9)-COUNTIF(E9:J9,"N/A"),COUNTA(E9:J9)-COUNTIF(E9:J9,"N/A")>0),"Low", IF(COUNTA(E9:J9)-COUNTIF(E9:J9,"N/A")=0,"Low", IF(COUNTIF(E9:J9,"Yes")/(COUNTA(E9:J9)-COUNTIF(E9:J9,"N/A"))>=0.5,"Moderate", "High")))))))))) -> Critical | E9: To confirm | F9: To confirm | G9: To confirm | H9: To confirm | I9: To confirm | J9: To confirm
A10: ='AI Inventory'!A11 -> AI-007 | B10: ='AI Inventory'!C11 -> Potential Hazard Navigator | C10: Approved with Conditions | D10: =IF(C10="Rejected","Critical", IF(AND(E10="No",I10="No"),"Critical", IF(J10="No","Critical", IF(OR( C10="Not Started", I10="No", COUNTIF(E10:G10,"No")>=1 ),"High", IF(H10="No","Moderate", IF(OR(J10="To Confirm", I10="To Confirm"),"Moderate", IF(COUNTIF(E10:J10,"To Confirm")=1,"Low", IF(AND(COUNTIF(E10:J10,"Yes")=COUNTA(E10:J10)-COUNTIF(E10:J10,"N/A"),COUNTA(E10:J10)-COUNTIF(E10:J10,"N/A")>0),"Low", IF(COUNTA(E10:J10)-COUNTIF(E10:J10,"N/A")=0,"Low", IF(COUNTIF(E10:J10,"Yes")/(COUNTA(E10:J10)-COUNTIF(E10:J10,"N/A"))>=0.5,"Moderate", "High")))))))))) -> Moderate | E10: Yes | F10: Yes | G10: Yes | H10: No | I10: Yes | J10: To confirm | K10: Not applicable, data is from a single site. | L10: PoC system
D11: =IF(C11="Rejected","Critical", IF(AND(E11="No",I11="No"),"Critical", IF(J11="No","Critical", IF(OR( C11="Not Started", I11="No", COUNTIF(E11:G11,"No")>=1 ),"High", IF(H11="No","Moderate", IF(OR(J11="To Confirm", I11="To Confirm"),"Moderate", IF(COUNTIF(E11:J11,"To Confirm")=1,"Low", IF(AND(COUNTIF(E11:J11,"Yes")=COUNTA(E11:J11)-COUNTIF(E11:J11,"N/A"),COUNTA(E11:J11)-COUNTIF(E11:J11,"N/A")>0),"Low", IF(COUNTA(E11:J11)-COUNTIF(E11:J11,"N/A")=0,"Low", IF(COUNTIF(E11:J11,"Yes")/(COUNTA(E11:J11)-COUNTIF(E11:J11,"N/A"))>=0.5,"Moderate", "High")))))))))) -> Low
D12: =IF(C12="Rejected","Critical", IF(AND(E12="No",I12="No"),"Critical", IF(J12="No","Critical", IF(OR( C12="Not Started", I12="No", COUNTIF(E12:G12,"No")>=1 ),"High", IF(H12="No","Moderate", IF(OR(J12="To Confirm", I12="To Confirm"),"Moderate", IF(COUNTIF(E12:J12,"To Confirm")=1,"Low", IF(AND(COUNTIF(E12:J12,"Yes")=COUNTA(E12:J12)-COUNTIF(E12:J12,"N/A"),COUNTA(E12:J12)-COUNTIF(E12:J12,"N/A")>0),"Low", IF(COUNTA(E12:J12)-COUNTIF(E12:J12,"N/A")=0,"Low", IF(COUNTIF(E12:J12,"Yes")/(COUNTA(E12:J12)-COUNTIF(E12:J12,"N/A"))>=0.5,"Moderate", "High")))))))))) -> Low
D13: =IF(C13="Rejected","Critical", IF(AND(E13="No",I13="No"),"Critical", IF(J13="No","Critical", IF(OR( C13="Not Started", I13="No", COUNTIF(E13:G13,"No")>=1 ),"High", IF(H13="No","Moderate", IF(OR(J13="To Confirm", I13="To Confirm"),"Moderate", IF(COUNTIF(E13:J13,"To Confirm")=1,"Low", IF(AND(COUNTIF(E13:J13,"Yes")=COUNTA(E13:J13)-COUNTIF(E13:J13,"N/A"),COUNTA(E13:J13)-COUNTIF(E13:J13,"N/A")>0),"Low", IF(COUNTA(E13:J13)-COUNTIF(E13:J13,"N/A")=0,"Low", IF(COUNTIF(E13:J13,"Yes")/(COUNTA(E13:J13)-COUNTIF(E13:J13,"N/A"))>=0.5,"Moderate", "High")))))))))) -> Low
D14: =IF(C14="Rejected","Critical", IF(AND(E14="No",I14="No"),"Critical", IF(J14="No","Critical", IF(OR( C14="Not Started", I14="No", COUNTIF(E14:G14,"No")>=1 ),"High", IF(H14="No","Moderate", IF(OR(J14="To Confirm", I14="To Confirm"),"Moderate", IF(COUNTIF(E14:J14,"To Confirm")=1,"Low", IF(AND(COUNTIF(E14:J14,"Yes")=COUNTA(E14:J14)-COUNTIF(E14:J14,"N/A"),COUNTA(E14:J14)-COUNTIF(E14:J14,"N/A")>0),"Low", IF(COUNTA(E14:J14)-COUNTIF(E14:J14,"N/A")=0,"Low", IF(COUNTIF(E14:J14,"Yes")/(COUNTA(E14:J14)-COUNTIF(E14:J14,"N/A"))>=0.5,"Moderate", "High")))))))))) -> Low
D15: =IF(C15="Rejected","Critical", IF(AND(E15="No",I15="No"),"Critical", IF(J15="No","Critical", IF(OR( C15="Not Started", I15="No", COUNTIF(E15:G15,"No")>=1 ),"High", IF(H15="No","Moderate", IF(OR(J15="To Confirm", I15="To Confirm"),"Moderate", IF(COUNTIF(E15:J15,"To Confirm")=1,"Low", IF(AND(COUNTIF(E15:J15,"Yes")=COUNTA(E15:J15)-COUNTIF(E15:J15,"N/A"),COUNTA(E15:J15)-COUNTIF(E15:J15,"N/A")>0),"Low", IF(COUNTA(E15:J15)-COUNTIF(E15:J15,"N/A")=0,"Low", IF(COUNTIF(E15:J15,"Yes")/(COUNTA(E15:J15)-COUNTIF(E15:J15,"N/A"))>=0.5,"Moderate", "High")))))))))) -> Low
D16: =IF(C16="Rejected","Critical", IF(AND(E16="No",I16="No"),"Critical", IF(J16="No","Critical", IF(OR( C16="Not Started", I16="No", COUNTIF(E16:G16,"No")>=1 ),"High", IF(H16="No","Moderate", IF(OR(J16="To Confirm", I16="To Confirm"),"Moderate", IF(COUNTIF(E16:J16,"To Confirm")=1,"Low", IF(AND(COUNTIF(E16:J16,"Yes")=COUNTA(E16:J16)-COUNTIF(E16:J16,"N/A"),COUNTA(E16:J16)-COUNTIF(E16:J16,"N/A")>0),"Low", IF(COUNTA(E16:J16)-COUNTIF(E16:J16,"N/A")=0,"Low", IF(COUNTIF(E16:J16,"Yes")/(COUNTA(E16:J16)-COUNTIF(E16:J16,"N/A"))>=0.5,"Moderate", "High")))))))))) -> Low
D17: =IF(C17="Rejected","Critical", IF(AND(E17="No",I17="No"),"Critical", IF(J17="No","Critical", IF(OR( C17="Not Started", I17="No", COUNTIF(E17:G17,"No")>=1 ),"High", IF(H17="No","Moderate", IF(OR(J17="To Confirm", I17="To Confirm"),"Moderate", IF(COUNTIF(E17:J17,"To Confirm")=1,"Low", IF(AND(COUNTIF(E17:J17,"Yes")=COUNTA(E17:J17)-COUNTIF(E17:J17,"N/A"),COUNTA(E17:J17)-COUNTIF(E17:J17,"N/A")>0),"Low", IF(COUNTA(E17:J17)-COUNTIF(E17:J17,"N/A")=0,"Low", IF(COUNTIF(E17:J17,"Yes")/(COUNTA(E17:J17)-COUNTIF(E17:J17,"N/A"))>=0.5,"Moderate", "High")))))))))) -> Low
D18: =IF(C18="Rejected","Critical", IF(AND(E18="No",I18="No"),"Critical", IF(J18="No","Critical", IF(OR( C18="Not Started", I18="No", COUNTIF(E18:G18,"No")>=1 ),"High", IF(H18="No","Moderate", IF(OR(J18="To Confirm", I18="To Confirm"),"Moderate", IF(COUNTIF(E18:J18,"To Confirm")=1,"Low", IF(AND(COUNTIF(E18:J18,"Yes")=COUNTA(E18:J18)-COUNTIF(E18:J18,"N/A"),COUNTA(E18:J18)-COUNTIF(E18:J18,"N/A")>0),"Low", IF(COUNTA(E18:J18)-COUNTIF(E18:J18,"N/A")=0,"Low", IF(COUNTIF(E18:J18,"Yes")/(COUNTA(E18:J18)-COUNTIF(E18:J18,"N/A"))>=0.5,"Moderate", "High")))))))))) -> Low
D19: =IF(C19="Rejected","Critical", IF(AND(E19="No",I19="No"),"Critical", IF(J19="No","Critical", IF(OR( C19="Not Started", I19="No", COUNTIF(E19:G19,"No")>=1 ),"High", IF(H19="No","Moderate", IF(OR(J19="To Confirm", I19="To Confirm"),"Moderate", IF(COUNTIF(E19:J19,"To Confirm")=1,"Low", IF(AND(COUNTIF(E19:J19,"Yes")=COUNTA(E19:J19)-COUNTIF(E19:J19,"N/A"),COUNTA(E19:J19)-COUNTIF(E19:J19,"N/A")>0),"Low", IF(COUNTA(E19:J19)-COUNTIF(E19:J19,"N/A")=0,"Low", IF(COUNTIF(E19:J19,"Yes")/(COUNTA(E19:J19)-COUNTIF(E19:J19,"N/A"))>=0.5,"Moderate", "High")))))))))) -> Low
D20: =IF(C20="Rejected","Critical", IF(AND(E20="No",I20="No"),"Critical", IF(J20="No","Critical", IF(OR( C20="Not Started", I20="No", COUNTIF(E20:G20,"No")>=1 ),"High", IF(H20="No","Moderate", IF(OR(J20="To Confirm", I20="To Confirm"),"Moderate", IF(COUNTIF(E20:J20,"To Confirm")=1,"Low", IF(AND(COUNTIF(E20:J20,"Yes")=COUNTA(E20:J20)-COUNTIF(E20:J20,"N/A"),COUNTA(E20:J20)-COUNTIF(E20:J20,"N/A")>0),"Low", IF(COUNTA(E20:J20)-COUNTIF(E20:J20,"N/A")=0,"Low", IF(COUNTIF(E20:J20,"Yes")/(COUNTA(E20:J20)-COUNTIF(E20:J20,"N/A"))>=0.5,"Moderate", "High")))))))))) -> Low
D21: =IF(C21="Rejected","Critical", IF(AND(E21="No",I21="No"),"Critical", IF(J21="No","Critical", IF(OR( C21="Not Started", I21="No", COUNTIF(E21:G21,"No")>=1 ),"High", IF(H21="No","Moderate", IF(OR(J21="To Confirm", I21="To Confirm"),"Moderate", IF(COUNTIF(E21:J21,"To Confirm")=1,"Low", IF(AND(COUNTIF(E21:J21,"Yes")=COUNTA(E21:J21)-COUNTIF(E21:J21,"N/A"),COUNTA(E21:J21)-COUNTIF(E21:J21,"N/A")>0),"Low", IF(COUNTA(E21:J21)-COUNTIF(E21:J21,"N/A")=0,"Low", IF(COUNTIF(E21:J21,"Yes")/(COUNTA(E21:J21)-COUNTIF(E21:J21,"N/A"))>=0.5,"Moderate", "High")))))))))) -> Low
D22: =IF(C22="Rejected","Critical", IF(AND(E22="No",I22="No"),"Critical", IF(J22="No","Critical", IF(OR( C22="Not Started", I22="No", COUNTIF(E22:G22,"No")>=1 ),"High", IF(H22="No","Moderate", IF(OR(J22="To Confirm", I22="To Confirm"),"Moderate", IF(COUNTIF(E22:J22,"To Confirm")=1,"Low", IF(AND(COUNTIF(E22:J22,"Yes")=COUNTA(E22:J22)-COUNTIF(E22:J22,"N/A"),COUNTA(E22:J22)-COUNTIF(E22:J22,"N/A")>0),"Low", IF(COUNTA(E22:J22)-COUNTIF(E22:J22,"N/A")=0,"Low", IF(COUNTIF(E22:J22,"Yes")/(COUNTA(E22:J22)-COUNTIF(E22:J22,"N/A"))>=0.5,"Moderate", "High")))))))))) -> Low
... D200: =IF(C200="Rejected","Critical", IF(AND(E200="No",I200="No"),"Critical", IF(J200="No","Critical", IF(OR( C200="Not Started", I200="No", COUNTIF(E200:G200,"No")>=1 ),"High", IF(H200="No","Moderate", IF(OR(J200="To Confirm", I200="To Confirm"),"Moderate", IF(COUNTIF(E200:J200,"To Confirm")=1,"Low", IF(AND(COUNTIF(E200:J200,"Yes")=COUNTA(E200:J200)-COUNTIF(E200:J200,"N/A"),COUNTA(E200:J200)-COUNTIF(E200:J200,"N/A")>0),"Low", IF(COUNTA(E200:J200)-COUNTIF(E200:J200,"N/A")=0,"Low", IF(COUNTIF(E200:J200,"Yes")/(COUNTA(E200:J200)-COUNTIF(E200:J200,"N/A"))>=0.5,"Moderate", "High")))))))))) -> Low

Sheet Approval Workflow
A1: Approval Workflow
A2: Auto Updates - Do not edit this section
A3: AI ID | B3: AI System Name | C3: Business Approval | D3: IT Security Approval | E3: Privacy Approval | F3: Legal Approval | G3: ITGC Required | H3: ITGC Approval | I3: AI Governance Committee | J3: Approval Decision | K3: Approval Conditions | L3: Approval Date | M3: Requested By | N3: Reviewed By | O3: Profile Approval Authority (reference)
A4: ='AI Inventory'!A5 -> AI-001 | B4: ='AI Inventory'!C5 -> Copilot | C4: Approved | D4: =IFERROR(IF(INDEX('Vendor & Security'!$D$4:$D$10,MATCH(A4,'Vendor & Security'!$A$4:$A$10,0))="Rejected","Rejected",IF(INDEX('Vendor & Security'!$D$4:$D$10,MATCH(A4,'Vendor & Security'!$A$4:$A$10,0))="Approved","Approved",IF(INDEX('Vendor & Security'!$D$4:$D$10,MATCH(A4,'Vendor & Security'!$A$4:$A$10,0))="Approved with Conditions","Approved with Conditions","Pending"))),"") -> Approved | E4: =IFERROR(IF(INDEX('Data & Privacy'!$C$4:$C$10,MATCH(A4,'Data & Privacy'!$A$4:$A$10,0))="Rejected","Rejected",IF(INDEX('Data & Privacy'!$C$4:$C$10,MATCH(A4,'Data & Privacy'!$A$4:$A$10,0))="Approved","Approved",IF(INDEX('Data & Privacy'!$C$4:$C$10,MATCH(A4,'Data & Privacy'!$A$4:$A$10,0))="Approved with Conditions","Approved with Conditions","Pending"))),"") -> Pending | F4: =IFERROR(IF(INDEX('Legal & Compliance'!$C$4:$C$10,MATCH(A4,'Legal & Compliance'!$A$4:$A$10,0))="Rejected","Rejected",IF(INDEX('Legal & Compliance'!$C$4:$C$10,MATCH(A4,'Legal & Compliance'!$A$4:$A$10,0))="Approved","Approved",IF(INDEX('Legal & Compliance'!$C$4:$C$10,MATCH(A4,'Legal & Compliance'!$A$4:$A$10,0))="Approved with Conditions","Approved with Conditions","Pending"))),"") -> Pending | G4: =IFERROR(IF(OR(INDEX('AI Inventory'!$H$5:$H$11,MATCH(A4,'AI Inventory'!$A$5:$A$11,0))="High",INDEX('AI Inventory'!$H$5:$H$11,MATCH(A4,'AI Inventory'!$A$5:$A$11,0))="Critical"),"Yes","No"),"") -> Yes | H4: =IF(G4="No","Not Required","Approved") -> Approved | I4: Not Established | J4: =IFERROR(INDEX('AI Inventory'!$R$5:$R$11,MATCH(A4,'AI Inventory'!$A$5:$A$11,0)),"") -> Approved | K4: Complete missing approval evidence and owner fields | L4: =IF('AI Inventory'!Q5="","",'AI Inventory'!Q5) | M4: =IF('AI Inventory'!O5="","",'AI Inventory'!O5) | N4: =IF('AI Inventory'!P5="","",'AI Inventory'!P5) | O4: =IFERROR(INDEX(Profiles!$G$4:$G$23,MATCH(INDEX('AI Inventory'!$T$5:$T$11,MATCH(A4,'AI Inventory'!$A$5:$A$11,0)),Profiles!$A$4:$A$23,0)),"") -> ITGC
A5: ='AI Inventory'!A6 -> AI-002 | B5: ='AI Inventory'!C6 -> Claude AI | C5: Approved with Conditions | D5: =IFERROR(IF(INDEX('Vendor & Security'!$D$4:$D$10,MATCH(A5,'Vendor & Security'!$A$4:$A$10,0))="Rejected","Rejected",IF(INDEX('Vendor & Security'!$D$4:$D$10,MATCH(A5,'Vendor & Security'!$A$4:$A$10,0))="Approved","Approved",IF(INDEX('Vendor & Security'!$D$4:$D$10,MATCH(A5,'Vendor & Security'!$A$4:$A$10,0))="Approved with Conditions","Approved with Conditions","Pending"))),"") -> Approved | E5: =IFERROR(IF(INDEX('Data & Privacy'!$C$4:$C$10,MATCH(A5,'Data & Privacy'!$A$4:$A$10,0))="Rejected","Rejected",IF(INDEX('Data & Privacy'!$C$4:$C$10,MATCH(A5,'Data & Privacy'!$A$4:$A$10,0))="Approved","Approved",IF(INDEX('Data & Privacy'!$C$4:$C$10,MATCH(A5,'Data & Privacy'!$A$4:$A$10,0))="Approved with Conditions","Approved with Conditions","Pending"))),"") -> Pending | F5: =IFERROR(IF(INDEX('Legal & Compliance'!$C$4:$C$10,MATCH(A5,'Legal & Compliance'!$A$4:$A$10,0))="Rejected","Rejected",IF(INDEX('Legal & Compliance'!$C$4:$C$10,MATCH(A5,'Legal & Compliance'!$A$4:$A$10,0))="Approved","Approved",IF(INDEX('Legal & Compliance'!$C$4:$C$10,MATCH(A5,'Legal & Compliance'!$A$4:$A$10,0))="Approved with Conditions","Approved with Conditions","Pending"))),"") -> Pending | G5: =IFERROR(IF(OR(INDEX('AI Inventory'!$H$5:$H$11,MATCH(A5,'AI Inventory'!$A$5:$A$11,0))="High",INDEX('AI Inventory'!$H$5:$H$11,MATCH(A5,'AI Inventory'!$A$5:$A$11,0))="Critical"),"Yes","No"),"") -> No | H5: =IF(G5="No","Not Required","Approved") -> Not Required | I5: Not Established | J5: =IFERROR(INDEX('AI Inventory'!$R$5:$R$11,MATCH(A5,'AI Inventory'!$A$5:$A$11,0)),"") -> Approved with Conditions | K5: Complete missing approval evidence and owner fields | L5: =IF('AI Inventory'!Q6="","",'AI Inventory'!Q6) | M5: =IF('AI Inventory'!O6="","",'AI Inventory'!O6) | N5: =IF('AI Inventory'!P6="","",'AI Inventory'!P6) | O5: =IFERROR(INDEX(Profiles!$G$4:$G$23,MATCH(INDEX('AI Inventory'!$T$5:$T$11,MATCH(A5,'AI Inventory'!$A$5:$A$11,0)),Profiles!$A$4:$A$23,0)),"") -> IT Security and Business Owner
A6: ='AI Inventory'!A7 -> AI-003 | B6: ='AI Inventory'!C7 -> JMP Learnbot | C6: Approved | D6: =IFERROR(IF(INDEX('Vendor & Security'!$D$4:$D$10,MATCH(A6,'Vendor & Security'!$A$4:$A$10,0))="Rejected","Rejected",IF(INDEX('Vendor & Security'!$D$4:$D$10,MATCH(A6,'Vendor & Security'!$A$4:$A$10,0))="Approved","Approved",IF(INDEX('Vendor & Security'!$D$4:$D$10,MATCH(A6,'Vendor & Security'!$A$4:$A$10,0))="Approved with Conditions","Approved with Conditions","Pending"))),"") -> Approved | E6: =IFERROR(IF(INDEX('Data & Privacy'!$C$4:$C$10,MATCH(A6,'Data & Privacy'!$A$4:$A$10,0))="Rejected","Rejected",IF(INDEX('Data & Privacy'!$C$4:$C$10,MATCH(A6,'Data & Privacy'!$A$4:$A$10,0))="Approved","Approved",IF(INDEX('Data & Privacy'!$C$4:$C$10,MATCH(A6,'Data & Privacy'!$A$4:$A$10,0))="Approved with Conditions","Approved with Conditions","Pending"))),"") -> Approved | F6: =IFERROR(IF(INDEX('Legal & Compliance'!$C$4:$C$10,MATCH(A6,'Legal & Compliance'!$A$4:$A$10,0))="Rejected","Rejected",IF(INDEX('Legal & Compliance'!$C$4:$C$10,MATCH(A6,'Legal & Compliance'!$A$4:$A$10,0))="Approved","Approved",IF(INDEX('Legal & Compliance'!$C$4:$C$10,MATCH(A6,'Legal & Compliance'!$A$4:$A$10,0))="Approved with Conditions","Approved with Conditions","Pending"))),"") -> Approved | G6: =IFERROR(IF(OR(INDEX('AI Inventory'!$H$5:$H$11,MATCH(A6,'AI Inventory'!$A$5:$A$11,0))="High",INDEX('AI Inventory'!$H$5:$H$11,MATCH(A6,'AI Inventory'!$A$5:$A$11,0))="Critical"),"Yes","No"),"") -> No | H6: =IF(G6="No","Not Required","Approved") -> Not Required | I6: Not Established | J6: =IFERROR(INDEX('AI Inventory'!$R$5:$R$11,MATCH(A6,'AI Inventory'!$A$5:$A$11,0)),"") -> Approved | K6: Approved through documented review | L6: =IF('AI Inventory'!Q7="","",'AI Inventory'!Q7) -> 2026-06-04 00:00:00 | M6: =IF('AI Inventory'!O7="","",'AI Inventory'!O7) -> [Contact-1]@organization.local | N6: =IF('AI Inventory'!P7="","",'AI Inventory'!P7) -> IT Security and ITGC | O6: =IFERROR(INDEX(Profiles!$G$4:$G$23,MATCH(INDEX('AI Inventory'!$T$5:$T$11,MATCH(A6,'AI Inventory'!$A$5:$A$11,0)),Profiles!$A$4:$A$23,0)),"") -> IT Security and Business Owner
A7: ='AI Inventory'!A8 -> AI-004 | B7: ='AI Inventory'!C8 -> Synthesia | C7: Pending | D7: =IFERROR(IF(INDEX('Vendor & Security'!$D$4:$D$10,MATCH(A7,'Vendor & Security'!$A$4:$A$10,0))="Rejected","Rejected",IF(INDEX('Vendor & Security'!$D$4:$D$10,MATCH(A7,'Vendor & Security'!$A$4:$A$10,0))="Approved","Approved",IF(INDEX('Vendor & Security'!$D$4:$D$10,MATCH(A7,'Vendor & Security'!$A$4:$A$10,0))="Approved with Conditions","Approved with Conditions","Pending"))),"") -> Approved | E7: =IFERROR(IF(INDEX('Data & Privacy'!$C$4:$C$10,MATCH(A7,'Data & Privacy'!$A$4:$A$10,0))="Rejected","Rejected",IF(INDEX('Data & Privacy'!$C$4:$C$10,MATCH(A7,'Data & Privacy'!$A$4:$A$10,0))="Approved","Approved",IF(INDEX('Data & Privacy'!$C$4:$C$10,MATCH(A7,'Data & Privacy'!$A$4:$A$10,0))="Approved with Conditions","Approved with Conditions","Pending"))),"") -> Pending | F7: =IFERROR(IF(INDEX('Legal & Compliance'!$C$4:$C$10,MATCH(A7,'Legal & Compliance'!$A$4:$A$10,0))="Rejected","Rejected",IF(INDEX('Legal & Compliance'!$C$4:$C$10,MATCH(A7,'Legal & Compliance'!$A$4:$A$10,0))="Approved","Approved",IF(INDEX('Legal & Compliance'!$C$4:$C$10,MATCH(A7,'Legal & Compliance'!$A$4:$A$10,0))="Approved with Conditions","Approved with Conditions","Pending"))),"") -> Approved | G7: =IFERROR(IF(OR(INDEX('AI Inventory'!$H$5:$H$11,MATCH(A7,'AI Inventory'!$A$5:$A$11,0))="High",INDEX('AI Inventory'!$H$5:$H$11,MATCH(A7,'AI Inventory'!$A$5:$A$11,0))="Critical"),"Yes","No"),"") -> No | H7: =IF(G7="No","Not Required","Not Submitted") -> Not Required | I7: Not Established | J7: =IFERROR(INDEX('AI Inventory'!$R$5:$R$11,MATCH(A7,'AI Inventory'!$A$5:$A$11,0)),"") -> Pending / Needs Documentation | K7: Complete missing approval evidence and owner fields | L7: =IF('AI Inventory'!Q8="","",'AI Inventory'!Q8) | M7: =IF('AI Inventory'!O8="","",'AI Inventory'!O8) -> [Contact-2]@organization.local | N7: =IF('AI Inventory'!P8="","",'AI Inventory'!P8) -> IT Security | O7: =IFERROR(INDEX(Profiles!$G$4:$G$23,MATCH(INDEX('AI Inventory'!$T$5:$T$11,MATCH(A7,'AI Inventory'!$A$5:$A$11,0)),Profiles!$A$4:$A$23,0)),"") -> ITGC with Legal review (external-facing); IT Security and Business Owner (internal only)
A8: ='AI Inventory'!A9 -> AI-005 | B8: ='AI Inventory'!C9 -> Levy AI | C8: Pending | D8: =IFERROR(IF(INDEX('Vendor & Security'!$D$4:$D$10,MATCH(A8,'Vendor & Security'!$A$4:$A$10,0))="Rejected","Rejected",IF(INDEX('Vendor & Security'!$D$4:$D$10,MATCH(A8,'Vendor & Security'!$A$4:$A$10,0))="Approved","Approved",IF(INDEX('Vendor & Security'!$D$4:$D$10,MATCH(A8,'Vendor & Security'!$A$4:$A$10,0))="Approved with Conditions","Approved with Conditions","Pending"))),"") -> Pending | E8: =IFERROR(IF(INDEX('Data & Privacy'!$C$4:$C$10,MATCH(A8,'Data & Privacy'!$A$4:$A$10,0))="Rejected","Rejected",IF(INDEX('Data & Privacy'!$C$4:$C$10,MATCH(A8,'Data & Privacy'!$A$4:$A$10,0))="Approved","Approved",IF(INDEX('Data & Privacy'!$C$4:$C$10,MATCH(A8,'Data & Privacy'!$A$4:$A$10,0))="Approved with Conditions","Approved with Conditions","Pending"))),"") -> Pending | F8: =IFERROR(IF(INDEX('Legal & Compliance'!$C$4:$C$10,MATCH(A8,'Legal & Compliance'!$A$4:$A$10,0))="Rejected","Rejected",IF(INDEX('Legal & Compliance'!$C$4:$C$10,MATCH(A8,'Legal & Compliance'!$A$4:$A$10,0))="Approved","Approved",IF(INDEX('Legal & Compliance'!$C$4:$C$10,MATCH(A8,'Legal & Compliance'!$A$4:$A$10,0))="Approved with Conditions","Approved with Conditions","Pending"))),"") -> Pending | G8: =IFERROR(IF(OR(INDEX('AI Inventory'!$H$5:$H$11,MATCH(A8,'AI Inventory'!$A$5:$A$11,0))="High",INDEX('AI Inventory'!$H$5:$H$11,MATCH(A8,'AI Inventory'!$A$5:$A$11,0))="Critical"),"Yes","No"),"") -> Yes | H8: =IF(G8="No","Not Required","Not Submitted") -> Not Submitted | I8: Not Established | J8: =IFERROR(INDEX('AI Inventory'!$R$5:$R$11,MATCH(A8,'AI Inventory'!$A$5:$A$11,0)),"") -> Pending / Needs Documentation | K8: Complete missing approval evidence and owner fields | L8: =IF('AI Inventory'!Q9="","",'AI Inventory'!Q9) | M8: =IF('AI Inventory'!O9="","",'AI Inventory'!O9) -> [Contact-3]@organization.local | N8: =IF('AI Inventory'!P9="","",'AI Inventory'!P9) -> IT Security | O8: =IFERROR(INDEX(Profiles!$G$4:$G$23,MATCH(INDEX('AI Inventory'!$T$5:$T$11,MATCH(A8,'AI Inventory'!$A$5:$A$11,0)),Profiles!$A$4:$A$23,0)),"") -> ITGC
A9: ='AI Inventory'!A10 -> AI-006 | B9: ='AI Inventory'!C10 -> Startreck.AI | C9: Rejected | D9: =IFERROR(IF(INDEX('Vendor & Security'!$D$4:$D$10,MATCH(A9,'Vendor & Security'!$A$4:$A$10,0))="Rejected","Rejected",IF(INDEX('Vendor & Security'!$D$4:$D$10,MATCH(A9,'Vendor & Security'!$A$4:$A$10,0))="Approved","Approved",IF(INDEX('Vendor & Security'!$D$4:$D$10,MATCH(A9,'Vendor & Security'!$A$4:$A$10,0))="Approved with Conditions","Approved with Conditions","Pending"))),"") -> Rejected | E9: =IFERROR(IF(INDEX('Data & Privacy'!$C$4:$C$10,MATCH(A9,'Data & Privacy'!$A$4:$A$10,0))="Rejected","Rejected",IF(INDEX('Data & Privacy'!$C$4:$C$10,MATCH(A9,'Data & Privacy'!$A$4:$A$10,0))="Approved","Approved",IF(INDEX('Data & Privacy'!$C$4:$C$10,MATCH(A9,'Data & Privacy'!$A$4:$A$10,0))="Approved with Conditions","Approved with Conditions","Pending"))),"") -> Pending | F9: =IFERROR(IF(INDEX('Legal & Compliance'!$C$4:$C$10,MATCH(A9,'Legal & Compliance'!$A$4:$A$10,0))="Rejected","Rejected",IF(INDEX('Legal & Compliance'!$C$4:$C$10,MATCH(A9,'Legal & Compliance'!$A$4:$A$10,0))="Approved","Approved",IF(INDEX('Legal & Compliance'!$C$4:$C$10,MATCH(A9,'Legal & Compliance'!$A$4:$A$10,0))="Approved with Conditions","Approved with Conditions","Pending"))),"") -> Rejected | G9: =IFERROR(IF(OR(INDEX('AI Inventory'!$H$5:$H$11,MATCH(A9,'AI Inventory'!$A$5:$A$11,0))="High",INDEX('AI Inventory'!$H$5:$H$11,MATCH(A9,'AI Inventory'!$A$5:$A$11,0))="Critical"),"Yes","No"),"") -> Yes | H9: =IF(G9="No","Not Required","Rejected") -> Rejected | I9: Not Established | J9: =IFERROR(INDEX('AI Inventory'!$R$5:$R$11,MATCH(A9,'AI Inventory'!$A$5:$A$11,0)),"") -> Rejected | K9: Complete missing approval evidence and owner fields | L9: =IF('AI Inventory'!Q10="","",'AI Inventory'!Q10) | M9: =IF('AI Inventory'!O10="","",'AI Inventory'!O10) -> [Contact-4]@organization.local | N9: =IF('AI Inventory'!P10="","",'AI Inventory'!P10) -> IT Security and ITGC | O9: =IFERROR(INDEX(Profiles!$G$4:$G$23,MATCH(INDEX('AI Inventory'!$T$5:$T$11,MATCH(A9,'AI Inventory'!$A$5:$A$11,0)),Profiles!$A$4:$A$23,0)),"") -> ITGC with Legal review (external-facing); IT Security and Business Owner (internal only)
A10: ='AI Inventory'!A11 -> AI-007 | B10: ='AI Inventory'!C11 -> Potential Hazard Navigator | C10: Approved | D10: =IFERROR(IF(INDEX('Vendor & Security'!$D$4:$D$10,MATCH(A10,'Vendor & Security'!$A$4:$A$10,0))="Rejected","Rejected",IF(INDEX('Vendor & Security'!$D$4:$D$10,MATCH(A10,'Vendor & Security'!$A$4:$A$10,0))="Approved","Approved",IF(INDEX('Vendor & Security'!$D$4:$D$10,MATCH(A10,'Vendor & Security'!$A$4:$A$10,0))="Approved with Conditions","Approved with Conditions","Pending"))),"") -> Approved | E10: =IFERROR(IF(INDEX('Data & Privacy'!$C$4:$C$10,MATCH(A10,'Data & Privacy'!$A$4:$A$10,0))="Rejected","Rejected",IF(INDEX('Data & Privacy'!$C$4:$C$10,MATCH(A10,'Data & Privacy'!$A$4:$A$10,0))="Approved","Approved",IF(INDEX('Data & Privacy'!$C$4:$C$10,MATCH(A10,'Data & Privacy'!$A$4:$A$10,0))="Approved with Conditions","Approved with Conditions","Pending"))),"") -> Pending | F10: =IFERROR(IF(INDEX('Legal & Compliance'!$C$4:$C$10,MATCH(A10,'Legal & Compliance'!$A$4:$A$10,0))="Rejected","Rejected",IF(INDEX('Legal & Compliance'!$C$4:$C$10,MATCH(A10,'Legal & Compliance'!$A$4:$A$10,0))="Approved","Approved",IF(INDEX('Legal & Compliance'!$C$4:$C$10,MATCH(A10,'Legal & Compliance'!$A$4:$A$10,0))="Approved with Conditions","Approved with Conditions","Pending"))),"") -> Approved with Conditions | G10: =IFERROR(IF(OR(INDEX('AI Inventory'!$H$5:$H$11,MATCH(A10,'AI Inventory'!$A$5:$A$11,0))="High",INDEX('AI Inventory'!$H$5:$H$11,MATCH(A10,'AI Inventory'!$A$5:$A$11,0))="Critical"),"Yes","No"),"") -> Yes | H10: =IF(G10="No","Not Required","Approved") -> Approved | I10: Not Established | J10: =IFERROR(INDEX('AI Inventory'!$R$5:$R$11,MATCH(A10,'AI Inventory'!$A$5:$A$11,0)),"") -> Approved | K10: Approved for pilot/development scope only; production use requires vendor security maturity review | L10: =IF('AI Inventory'!Q11="","",'AI Inventory'!Q11) -> 2025-12-05 00:00:00 | M10: =IF('AI Inventory'!O11="","",'AI Inventory'!O11) -> [Contact-4]@organization.local | N10: =IF('AI Inventory'!P11="","",'AI Inventory'!P11) -> IT | O10: =IFERROR(INDEX(Profiles!$G$4:$G$23,MATCH(INDEX('AI Inventory'!$T$5:$T$11,MATCH(A10,'AI Inventory'!$A$5:$A$11,0)),Profiles!$A$4:$A$23,0)),"") -> IT Security and Business Owner

Sheet Monitoring
A1: Monitoring & Reassessment
A3: AI ID | B3: AI System Name | C3: Monitoring Required | D3: Usage Monitoring | E3: Security Monitoring | F3: Privacy Monitoring | G3: Bias Monitoring | H3: Drift Monitoring | I3: Incident History | J3: Open Findings | K3: Corrective Actions | L3: Review Frequency | M3: Last Reassessment | N3: Next Reassessment | O3: Reassessment Status | P3: Profile Review Frequency (reference) | Q3: Effective Review Cadence
A4: ='AI Inventory'!A5 -> AI-001 | B4: ='AI Inventory'!C5 -> Copilot | C4: Yes | D4: Yes | E4: Yes | F4: Yes | G4: Periodic (broad use) | H4: Vendor model updates | I4: None reported in provided data | J4: Approval evidence missing | K4: Complete governance evidence | L4: Annual | N4: =IF(M4<>"",EDATE(M4,12),"") | O4: =IF(N4="","Not Scheduled",IF(N4<TODAY(),"Overdue","Current")) -> Not Scheduled | P4: =IFERROR(INDEX(Profiles!$J$4:$J$23,MATCH(INDEX('AI Inventory'!$T$5:$T$11,MATCH(A4,'AI Inventory'!$A$5:$A$11,0)),Profiles!$A$4:$A$23,0)),"") -> Semiannual | Q4: =IF(P4="",L4,"More frequent of "&L4&" and "&P4) -> More frequent of Annual and Semiannual
A5: ='AI Inventory'!A6 -> AI-002 | B5: ='AI Inventory'!C6 -> Claude AI | C5: Yes | D5: Yes | E5: Yes | F5: Periodic | G5: Not applicable | H5: Vendor model updates | I5: None reported in provided data | J5: Approval evidence missing | K5: Complete governance evidence | L5: Annual | N5: =IF(M5<>"",EDATE(M5,12),"") | O5: =IF(N5="","Not Scheduled",IF(N5<TODAY(),"Overdue","Current")) -> Not Scheduled | P5: =IFERROR(INDEX(Profiles!$J$4:$J$23,MATCH(INDEX('AI Inventory'!$T$5:$T$11,MATCH(A5,'AI Inventory'!$A$5:$A$11,0)),Profiles!$A$4:$A$23,0)),"") -> At conclusion, or annually | Q5: =IF(P5="",L5,"More frequent of "&L5&" and "&P5) -> More frequent of Annual and At conclusion, or annually
A6: ='AI Inventory'!A7 -> AI-003 | B6: ='AI Inventory'!C7 -> JMP Learnbot | C6: Yes | D6: Yes | E6: Yes | F6: Periodic | G6: Not applicable | H6: Vendor model updates | I6: None reported in provided data | J6: None | K6: Maintain annual review | L6: Annual | M6: 2026-06-04 00:00:00 | N6: =IF(M6<>"",EDATE(M6,12),"") -> 46542 | O6: =IF(N6="","Not Scheduled",IF(N6<TODAY(),"Overdue","Current")) -> Current | P6: =IFERROR(INDEX(Profiles!$J$4:$J$23,MATCH(INDEX('AI Inventory'!$T$5:$T$11,MATCH(A6,'AI Inventory'!$A$5:$A$11,0)),Profiles!$A$4:$A$23,0)),"") -> Annual | Q6: =IF(P6="",L6,"More frequent of "&L6&" and "&P6) -> More frequent of Annual and Annual
A7: ='AI Inventory'!A8 -> AI-004 | B7: ='AI Inventory'!C8 -> Synthesia | C7: Yes | D7: Yes | E7: Yes | F7: Yes | G7: Likeness and content review | H7: Vendor model updates | I7: None reported in provided data | J7: Approval evidence missing | K7: Complete governance evidence | L7: Annual | N7: =IF(M7<>"",EDATE(M7,12),"") | O7: =IF(N7="","Not Scheduled",IF(N7<TODAY(),"Overdue","Current")) -> Not Scheduled | P7: =IFERROR(INDEX(Profiles!$J$4:$J$23,MATCH(INDEX('AI Inventory'!$T$5:$T$11,MATCH(A7,'AI Inventory'!$A$5:$A$11,0)),Profiles!$A$4:$A$23,0)),"") -> Semiannual; Quarterly if external-facing | Q7: =IF(P7="",L7,"More frequent of "&L7&" and "&P7) -> More frequent of Annual and Semiannual; Quarterly if external-facing
A8: ='AI Inventory'!A9 -> AI-005 | B8: ='AI Inventory'!C9 -> Levy AI | C8: Yes | D8: Yes | E8: Yes | F8: Yes | G8: Not applicable | H8: Behavior and action monitoring | I8: None reported in provided data | J8: Approval evidence missing | K8: Complete governance evidence | L8: Annual | N8: =IF(M8<>"",EDATE(M8,12),"") | O8: =IF(N8="","Not Scheduled",IF(N8<TODAY(),"Overdue","Current")) -> Not Scheduled | P8: =IFERROR(INDEX(Profiles!$J$4:$J$23,MATCH(INDEX('AI Inventory'!$T$5:$T$11,MATCH(A8,'AI Inventory'!$A$5:$A$11,0)),Profiles!$A$4:$A$23,0)),"") -> Quarterly | Q8: =IF(P8="",L8,"More frequent of "&L8&" and "&P8) -> More frequent of Annual and Quarterly
A9: ='AI Inventory'!A10 -> AI-006 | B9: ='AI Inventory'!C10 -> Startreck.AI | C9: Yes | D9: No | E9: No | F9: No | G9: Likeness and content review | H9: Vendor model updates | I9: None reported in provided data | J9: Approval evidence missing | K9: Complete governance evidence | L9: Upon Material Change | N9: =IF(M9<>"",EDATE(M9,12),"") | O9: =IF(N9="","Not Scheduled",IF(N9<TODAY(),"Overdue","Current")) -> Not Scheduled | P9: =IFERROR(INDEX(Profiles!$J$4:$J$23,MATCH(INDEX('AI Inventory'!$T$5:$T$11,MATCH(A9,'AI Inventory'!$A$5:$A$11,0)),Profiles!$A$4:$A$23,0)),"") -> Semiannual; Quarterly if external-facing | Q9: =IF(P9="",L9,"More frequent of "&L9&" and "&P9) -> More frequent of Upon Material Change and Semiannual; Quarterly if external-facing
A10: ='AI Inventory'!A11 -> AI-007 | B10: ='AI Inventory'!C11 -> Potential Hazard Navigator | C10: Yes | D10: Yes | E10: Yes | F10: Yes | G10: Not applicable | H10: Vendor model updates; vendor security program maturity | I10: None reported in provided data | J10: Vendor security program immature | K10: Reassess before any production use | L10: Quarterly | M10: 2025-12-05 00:00:00 | N10: =IF(M10<>"",EDATE(M10,12),"") -> 46361 | O10: =IF(N10="","Not Scheduled",IF(N10<TODAY(),"Overdue","Current")) -> Current | P10: =IFERROR(INDEX(Profiles!$J$4:$J$23,MATCH(INDEX('AI Inventory'!$T$5:$T$11,MATCH(A10,'AI Inventory'!$A$5:$A$11,0)),Profiles!$A$4:$A$23,0)),"") -> At conclusion, or annually | Q10: =IF(P10="",L10,"More frequent of "&L10&" and "&P10) -> More frequent of Quarterly and At conclusion, or annually

Sheet Reference Lists
A1: Reference Lists
A3: Data Classification | B3: Risk Tier | C3: Approval Status | D3: Lifecycle Status | E3: Yes/No | F3: Review Frequency | G3: Profile | H3: Human Oversight | I3: AI Capability | J3: AI Capability Description | K3: Risk Category | L3: Category Description | M3: Minimum Evidence | N3: Harm Type | O3: Assessment Requirement | P3: Review Status (Security/Privacy/Legal)
A4: Public | B4: Low | C4: Not Submitted | D4: Proposed | E4: Yes | F4: Annual | G4: P1 | H4: Human-In-The-Loop | I4: Generative AI | J4: Creates new content — text, images, video, audio, or code — from a prompt. Output is novel each time, which is what drives hallucination, IP/likeness, and output-reliance risk. | K4: Data leakage and disclosure | L4: Prompts, uploads, outputs, logs, or vendor systems expose company data. | M4: Data flow, classification, retention and deletion terms | N4: Individual harm | O4: Whether outputs could affect a person, employee, candidate, customer, supplier, or contractor. | P4: Not Started
A5: Internal | B5: Moderate | C5: Pending / Needs Documentation | D5: Pilot | E5: No | F5: Semiannual | G5: P2 | H5: Human-On-The-Loop | I5: Agentic AI | J5: Takes actions on other systems: calling tools, executing multi-step workflows, or triggering downstream processes without a human performing the action directly. Risk is about consequence and reversibility. | K5: Prompt injection and adversarial input | L5: Crafted inputs manipulate behavior, bypass controls, or cause unintended action. | M5: Guardrails, abuse testing, monitoring | N5: Organizational harm | O5: Financial, operational, security, legal, compliance, and reputational impact. | P5: In Progress
A6: Confidential | B6: High | C6: Under Review | D6: Production | E6: Unknown | F6: Quarterly | G6: P3 | H6: Human-Out-Of-The-Loop | I6: Embedded AI | J6: An AI feature activated inside an already-approved application (e.g., Copilot in Microsoft 365). Inherits the host app's data boundary, contract, and security posture rather than being independently vetted. | K6: Hallucination and incorrect output | L6: AI generates inaccurate or fabricated information that users rely upon. | M6: Validation process, user guidance, review requirements | N6: Safety harm | O6: Whether outputs could affect physical or process safety, environmental controls, or emergency response. | P6: Blocked
A7: Sensitive | B7: Critical | C7: Approved | D7: Suspended | E7: N/A | F7: Upon Material Change | G7: P4 | I7: AI APIs and Integrations | J7: A vendor's AI model or service is called programmatically, usually as one structured component of a larger internal workflow rather than an open-ended chat interface. | K7: Unauthorized data retention | L7: Vendor retains, trains on, or reuses organizational data. | M7: Contract terms, DPA, vendor documentation | N7: Regulatory harm | O7: Whether the tool could create noncompliance or reporting obligations. | P7: Completed - Pending Decision
C8: Approved with Conditions | D8: Retired | G8: P5 | I8: Internal AI Deployments | J8: The model runs inside our own infrastructure; no third-party exposure at the model layer. Risk shifts to our own operational controls. | K8: Model drift and degradation | L8: Behavior or quality changes over time. | M8: Change notification, monitoring approach, review cadence | N8: Confidentiality harm | O8: Whether Confidential or Sensitive information, IP, formulations, or source code could be exposed. | P8: Approved
C9: Rejected | G9: P6 | K9: Data poisoning | L9: Training, retrieval, or reference data is manipulated. | M9: Source validation, access control, change control | N9: Information integrity harm | O9: Whether misleading outputs could enter records, reports, or business decisions. | P9: Approved with Conditions
C10: Retired | G10: P7 | K10: Model theft or extraction | L10: Model, prompts, embeddings, or proprietary logic are extracted. | M10: Access control, rate limiting, contractual protection | P10: Rejected
G11: P8 | K11: Overreliance and automation bias | L11: Users accept output without adequate review. | M11: Human oversight model, training, disclaimers
G12: P9 | K12: Bias and harmful output | L12: Unfair, skewed, or discriminatory results. | M12: Bias assessment, human review, prohibited uses
G13: P10 | K13: Third-party and value chain risk | L13: Vendor hosting, APIs, subprocessors, and components. | M13: ITDRA, SOC 2 or ISO evidence, subprocessor review
G14: P11 | K14: Information security risk | L14: Unauthorized access, insecure integration, or privilege misuse. | M14: Architecture review, MFA, RBAC, logging, patching
G15: P12 | K15: Privacy risk | L15: Improper processing, retention, or exposure of PII or Sensitive data. | M15: Privacy review, DPA, retention controls
G16: P13 | K16: Regulatory and legal risk | L16: Noncompliance with law, contract, or records obligations. | M16: Legal and Compliance review, regulatory mapping
G17: P14
G18: P15
G19: P16
G20: P17
G21: P18
G22: P19
G23: P20
